{"0": {"1": 0.3323956171596123, "2": 0.3360224978909734, "3": 0.3429006086316843, "4": 0.3444637292235897, "5": 0.3604787968093954, "6": 0.3472762058800272, "7": 0.3411180733496905, "8": 0.3475679225002197, "9": 0.35713755051693313, "10": 0.36207172008962835, "11": 0.3854358113026321, "12": 0.3975231582649457, "13": 0.39094915658880774, "14": 0.39885074638633955, "15": 0.4103783806153059, "16": 0.6133934572066952, "17": 0.9406445373481911, "18": 1.120231811877546, "19": 1.257174404472704, "20": 1.386933104662725, "21": 1.4649084174463367, "22": 1.5571585336937328, "23": 1.6011066270786887, "24": 1.6117687669098781, "25": 1.6752299423958867, "26": 1.695308059138918, "27": 1.6815735054283443, "28": 1.716509478739212, "29": 1.7299584740381515, "30": 1.7197936285548023, "31": 1.9865305781278022, "32": 2.193099245165993}, "1": {"2": 0.2579635551146041, "3": 0.2294768227361358, "4": 0.2801863250082685, "5": 0.29575655705986836, "6": 0.3321369724001929, "7": 0.34150710487054486, "8": 0.3539433409571907, "9": 0.3796133391523206, "10": 0.384190560710472, "11": 0.4104538756905874, "12": 0.4201373165247153, "13": 0.39527564022321887, "14": 0.43142348815641246, "15": 0.4100503229618986, "16": 0.5437174328498074, "17": 0.8138384320661108, "18": 1.0583240254933781, "19": 1.2602335896077776, "20": 1.3826254757903171, "21": 1.5180339141819708, "22": 1.5780978873076366, "23": 1.6394794889828275, "24": 1.6893771721070845, "25": 1.7255694959909689, "26": 1.7582227506358863, "27": 1.7572493735474561, "28": 1.787114556288368, "29": 1.7728936561562778, "30": 1.78344243933365, "31": 1.9272763714138297, "32": 2.1314057036178147}, "2": {"3": 0.4150123945412678, "4": 0.3417541174582459, "5": 0.34471165413848176, "6": 0.35326685034304844, "7": 0.3474982054971633, "8": 0.340946555837271, "9": 0.3376839977652677, "10": 0.34067323781548825, "11": 0.33493584017599054, "12": 0.3400133211453629, "13": 0.3210324299073129, "14": 0.33536334149351377, "15": 0.3282262818843186, "16": 0.7101890156149973, "17": 0.9615159225861596, "18": 1.1768721251542478, "19": 1.3551849546212411, "20": 1.4847935009606292, "21": 1.554928501923221, "22": 1.604211808709774, "23": 1.6940613640287017, "24": 1.7345280928696885, "25": 1.7437590194157353, "26": 1.7398144207391615, "27": 1.7749330875705698, "28": 1.8077650062909238, "29": 1.8355204323963643, "30": 1.8292671897560842, "31": 2.1377944268463605, "32": 2.3459046987601377}, "3": {"4": 0.3726538032095706, "5": 0.41912341690343025, "6": 0.4563959361846783, "7": 0.495155396737156, "8": 0.5297506918684355, "9": 0.5272677934107295, "10": 0.5540411753193952, "11": 0.579110862221062, "12": 0.596402731714473, "13": 0.6075703768382504, "14": 0.6020210706551928, "15": 0.6095667768199078, "16": 0.7260427533420455, "17": 0.9747959092724628, "18": 1.1487323051911866, "19": 1.288925063413971, "20": 1.3840942465449377, "21": 1.4569504914445917, "22": 1.5034709673795041, "23": 1.5563649610897308, "24": 1.5777925618068043, "25": 1.609932632405255, "26": 1.6086967331668303, "27": 1.6167078782548756, "28": 1.66154358997205, "29": 1.6536186598038136, "30": 1.6533278555108157, "31": 1.876420820763436, "32": 2.1025906855041385}, "4": {"5": 0.15884764454360956, "6": 0.13852806520330907, "7": 0.1964983994739201, "8": 0.23758551080663992, "9": 0.263318231496338, "10": 0.3247049269983599, "11": 0.3254534914608094, "12": 0.3866187955638214, "13": 0.40231386438642786, "14": 0.3820285733431598, "15": 0.4051864786103858, "16": 0.5441739005557317, "17": 0.8174900976862365, "18": 1.0338508485218743, "19": 1.2121539464988027, "20": 1.3306969523328416, "21": 1.4379258845285092, "22": 1.5037660291994064, "23": 1.530570430232659, "24": 1.5633980914261087, "25": 1.5872397859250265, "26": 1.6396620304488356, "27": 1.6302021097771682, "28": 1.641077582117156, "29": 1.6334653520945657, "30": 1.644112970717924, "31": 1.8259590913516595, "32": 2.1088278863912597}, "5": {"6": 0.6494773662090577, "7": 0.6764053115497931, "8": 0.6606799838752617, "9": 0.665582145968911, "10": 0.6848536894454265, "11": 0.6461780869675067, "12": 0.6278090631673772, "13": 0.6782072337846555, "14": 0.6805957824050766, "15": 0.6434853532552447, "16": 0.914446605816963, "17": 1.1280219457029106, "18": 1.332998069597198, "19": 1.4832435330857665, "20": 1.6029115143769281, "21": 1.692936920762444, "22": 1.7566711101611705, "23": 1.826975956036325, "24": 1.856830951123578, "25": 1.8867070817908138, "26": 1.9025830194795752, "27": 1.928369111310106, "28": 1.9489017190501434, "29": 1.9708942783819243, "30": 1.9526914501855828, "31": 2.258136009715552, "32": 2.504609488070664}, "6": {"7": 0.6714274262990655, "8": 0.6367231840954022, "9": 0.6197207504041972, "10": 0.6352770694660922, "11": 0.6465194493924891, "12": 0.6643403166037287, "13": 0.6760530772257545, "14": 0.6600902403717901, "15": 0.6658360010105642, "16": 1.0637949475650417, "17": 1.3197977594858128, "18": 1.5038666132725138, "19": 1.6542926415181725, "20": 1.7904036478762568, "21": 1.8764967720023114, "22": 1.9680415072744322, "23": 1.9989473512343148, "24": 2.0224029792757587, "25": 2.062084726593817, "26": 2.0896363235987274, "27": 2.06418976953879, "28": 2.109925416005306, "29": 2.130538080456587, "30": 2.13796594435878, "31": 2.442684671578878, "32": 2.725700123214869}, "7": {"8": 0.35297597002278264, "9": 0.3806974119402557, "10": 0.3857260073775038, "11": 0.38019388335658927, "12": 0.3828672301159861, "13": 0.3919270953132072, "14": 0.38633293304312216, "15": 0.4052960339008958, "16": 0.8254012669193006, "17": 1.1329646303294147, "18": 1.339443965329884, "19": 1.478800423625093, "20": 1.5895466052343437, "21": 1.6578476764830303, "22": 1.72196580357578, "23": 1.7576672954294437, "24": 1.79444077173573, "25": 1.8008266059281635, "26": 1.8358785208198998, "27": 1.8400407855594407, "28": 1.857490335602838, "29": 1.8623406471009754, "30": 1.863448744505013, "31": 2.1756749361749574, "32": 2.4926411237798676}, "8": {"9": 0.5436412535291318, "10": 0.5300232496175596, "11": 0.5566486064390465, "12": 0.5749640310165428, "13": 0.5207121143057332, "14": 0.5561757168436342, "15": 0.5503064118973773, "16": 0.6379431176079361, "17": 0.9093025249624473, "18": 1.1052903253169484, "19": 1.2467983552440105, "20": 1.35794200740066, "21": 1.4334067478016888, "22": 1.4939458913407497, "23": 1.5497083177752942, "24": 1.5726999514114677, "25": 1.6066397394540588, "26": 1.624406855388133, "27": 1.6319143198379795, "28": 1.6562615956567497, "29": 1.6584017631986814, "30": 1.6565980163094334, "31": 1.9632382566540372, "32": 2.2978296172871286}, "9": {"10": 0.334120295692072, "11": 0.31583946352066583, "12": 0.38274391389030027, "13": 0.476955761685992, "14": 0.42136561303652564, "15": 0.39403700400321406, "16": 0.6451990078341158, "17": 0.9381027937864921, "18": 1.0952294851336846, "19": 1.2339815266630514, "20": 1.3489968673480481, "21": 1.4313665561147382, "22": 1.522466531879921, "23": 1.5533020506186177, "24": 1.5479148345669762, "25": 1.6012567809293217, "26": 1.5551746021837276, "27": 1.6149521805978289, "28": 1.6378228548535674, "29": 1.6004913384137904, "30": 1.6210840837213447, "31": 1.9617285072029644, "32": 2.2461016537577416}, "10": {"11": 0.9503577048433857, "12": 0.9919525262594048, "13": 1.0062160016605357, "14": 0.9837091178732968, "15": 1.0050917864760787, "16": 1.1289556365584161, "17": 1.401448306342055, "18": 1.4914350908763696, "19": 1.539840130684436, "20": 1.685999812863204, "21": 1.7309429511074417, "22": 1.7231830001067339, "23": 1.8774314512122756, "24": 1.818427678312982, "25": 1.8498376590746572, "26": 1.7639568030756743, "27": 1.9585975523286518, "28": 1.898436720465925, "29": 1.936533755448494, "30": 1.900264948134869, "31": 2.2772017473826187, "32": 2.482882872115852}, "11": {"12": 0.6338130124019734, "13": 0.6443464380715846, "14": 0.6186641234593387, "15": 0.6527319414181174, "16": 0.731411570795281, "17": 1.067572590365169, "18": 1.1043927474128648, "19": 1.2916015272912773, "20": 1.391169039823162, "21": 1.4762721368894978,