{"0": {"1": 0.47934567879720497, "2": 0.4343261331504949, "3": 0.42488331861370604, "4": 0.4504576745080307, "5": 0.4444928793154975, "6": 0.45758789166327013, "7": 0.49166886233909146, "8": 0.46942792192882143, "9": 0.49053894510967355, "10": 0.5048186143184922, "11": 0.5240820989047961, "12": 0.5036832231259069, "13": 0.5116724723613039, "14": 0.5453622827528168, "15": 0.5328120817942241, "16": 0.6859355574426467, "17": 0.8853911894877413, "18": 1.0777162242412637, "19": 1.2272261239298965, "20": 1.3695428558869214, "21": 1.4475963247001304, "22": 1.4926715223056561, "23": 1.5473741286501648, "24": 1.5714854918620942, "25": 1.603125683185653, "26": 1.6149115820377096, "27": 1.620354906211764, "28": 1.6178343742573191, "29": 1.6367535313552601, "30": 1.646610466410729, "31": 2.1098844373088537, "32": 2.4128291443007672}, "1": {"2": 0.18133666192330763, "3": 0.17370299221166624, "4": 0.18425139525270925, "5": 0.21168621437682095, "6": 0.22755508152983336, "7": 0.2572636481024892, "8": 0.2778191400496341, "9": 0.2935818731391073, "10": 0.30572882547807606, "11": 0.3159865002533857, "12": 0.3266381483218518, "13": 0.3306330770486134, "14": 0.3423614992874651, "15": 0.3485558207964843, "16": 0.6537589177291806, "17": 0.915268384536704, "18": 1.1241273729674597, "19": 1.2776857245782192, "20": 1.3861491875215233, "21": 1.4722045260963028, "22": 1.5306130055017, "23": 1.5781365091588344, "24": 1.6048860185059335, "25": 1.625285578530217, "26": 1.6472874131884687, "27": 1.664376213854015, "28": 1.671883678303858, "29": 1.6765534250449086, "30": 1.6730143558059414, "31": 2.01745999054019, "32": 2.31712792236133}, "2": {"3": 0.4303095366528818, "4": 0.4537669133214434, "5": 0.47171178100376315, "6": 0.47000778188769593, "7": 0.4817598486063172, "8": 0.4727348038969868, "9": 0.4809912129456085, "10": 0.49468022632376085, "11": 0.5087080171998443, "12": 0.511907852777283, "13": 0.5132536874425505, "14": 0.5119983252239927, "15": 0.5227808922447554, "16": 0.7910878808908808, "17": 1.043209044711443, "18": 1.2070111581078073, "19": 1.3625823315897125, "20": 1.4744957598160622, "21": 1.5448685740671482, "22": 1.6284779634355702, "23": 1.6582360237584906, "24": 1.6858957315358545, "25": 1.704531458985615, "26": 1.7358200242032615, "27": 1.757451225939065, "28": 1.7550295294306066, "29": 1.7696189337216908, "30": 1.7721848539540246, "31": 2.0164326340927974, "32": 2.3088192825808673}, "3": {"4": 0.45605335732343644, "5": 0.3406191824292614, "6": 0.24827631291716906, "7": 0.2593845047188203, "8": 0.2848153971619318, "9": 0.2894921384114671, "10": 0.3032510208472047, "11": 0.3101774089019172, "12": 0.3263453673199324, "13": 0.34677488208707924, "14": 0.3259036489036431, "15": 0.32424921956509783, "16": 0.5546303866320051, "17": 0.8617211645557755, "18": 1.090936909659973, "19": 1.269437906610671, "20": 1.3873025971761817, "21": 1.4687753922841786, "22": 1.5215181677620488, "23": 1.5739969765718682, "24": 1.614942677189561, "25": 1.6336221203173538, "26": 1.65609342334404, "27": 1.6594726072423094, "28": 1.6707738322726993, "29": 1.6783404459356037, "30": 1.6676415089075984, "31": 2.0512940246555784, "32": 2.3151512134416063}, "4": {"5": 0.47970794872037675, "6": 0.4137114919902921, "7": 0.42264956150715155, "8": 0.4564581264883847, "9": 0.5366672724058154, "10": 0.5848392126158891, "11": 0.5955078147647014, "12": 0.621771737962943, "13": 0.6258171487944246, "14": 0.6553718361804084, "15": 0.6490653744538281, "16": 0.7752843971867522, "17": 0.9704777126100601, "18": 1.1483239627447317, "19": 1.3028797160600274, "20": 1.416383786748627, "21": 1.5028876861936518, "22": 1.5743935347920723, "23": 1.628335640393352, "24": 1.658464561720514, "25": 1.6936702037443934, "26": 1.7158659079313103, "27": 1.7320214739049484, "28": 1.7479658361332389, "29": 1.7543312189910802, "30": 1.7446320405128586, "31": 2.0894758300398997, "32": 2.4330972531818884}, "5": {"6": 0.4619692669838383, "7": 0.4479240658638078, "8": 0.48299628003560363, "9": 0.5194778876671616, "10": 0.5280971748570849, "11": 0.5457174061129716, "12": 0.5324209215099158, "13": 0.5442134347341276, "14": 0.5485225081245917, "15": 0.5638914199754445, "16": 0.8824143418819013, "17": 1.1164923347650264, "18": 1.268538504052198, "19": 1.3952136143547136, "20": 1.5077658996984666, "21": 1.5384258714796397, "22": 1.6084173329637539, "23": 1.6416346338961876, "24": 1.663978363170287, "25": 1.7041031973954297, "26": 1.698925284407479, "27": 1.716966326581469, "28": 1.7289651017787229, "29": 1.7441591509174463, "30": 1.7459324869002368, "31": 2.1718219503540848, "32": 2.48641403451914}, "6": {"7": 0.2058492970459429, "8": 0.19469168752129506, "9": 0.20689794112785415, "10": 0.22126762661978874, "11": 0.23728847227781963, "12": 0.23253494348947898, "13": 0.25969606445547505, "14": 0.2819427829379774, "15": 0.26488986714205226, "16": 0.6368531146932433, "17": 1.006257284466053, "18": 1.224036399978859, "19": 1.3902608941290797, "20": 1.5059224665762903, "21": 1.5895487339977976, "22": 1.6594943510404254, "23": 1.6935118389490165, "24": 1.7224262246995439, "25": 1.7572956741525363, "26": 1.7587547894443565, "27": 1.768864287077955, "28": 1.7788445383591063, "29": 1.7865838859706895, "30": 1.7952395902210956, "31": 2.1488046955292237, "32": 2.4262137445052816}, "7": {"8": 0.6578908475895324, "9": 0.6207832314485486, "10": 0.6131126885128271, "11": 0.5985952060155104, "12": 0.5784042648095238, "13": 0.5784641742952473, "14": 0.5757287892866799, "15": 0.5692184984595691, "16": 0.9205601103420729, "17": 1.105410448397457, "18": 1.271027484691194, "19": 1.3773161116592043, "20": 1.4717919261229435, "21": 1.5504821232901018, "22": 1.589931303201029, "23": 1.6147209816814863, "24": 1.645103682023037, "25": 1.6801955112294984, "26": 1.7018837334149093, "27": 1.6915513998642482, "28": 1.7006706423563311, "29": 1.7128898966254003, "30": 1.721325121803991, "31": 2.094188608213585, "32": 2.3955747562495624}, "8": {"9": 0.3050875354881608, "10": 0.3309959551899148, "11": 0.3092520810456883, "12": 0.4057036160746922, "13": 0.4387816350555527, "14": 0.4116752537211776, "15": 0.38788244475438766, "16": 0.8282535058359309, "17": 1.1032661753831532, "18": 1.3518382343656186, "19": 1.494779378259477, "20": 1.6094754044266686, "21": 1.664327252294619, "22": 1.766266359366575, "23": 1.7806295825408833, "24": 1.7885861400518366, "25": 1.8202652573356617, "26": 1.849747262655212, "27": 1.8480592292650355, "28": 1.8475268103202362, "29": 1.869300791261855, "30": 1.8673145789338634, "31": 2.2126637977262247, "32": 2.454777188395291}, "9": {"10": 1.0106483912766857, "11": 1.0256107853354726, "12": 1.000994296967288, "13": 0.9540721689853439, "14": 0.9673714665972442, "15": 1.0147383540861263, "16": 1.1729308716773839, "17": 1.3995843458580224, "18": 1.5964445590915204, "19": 1.6582303977407944, "20": 1.7354050673846513, "21": 1.8610782143466686, "22": 1.9660533942647869, "23": 1.9830521786472173, "24": 2.005325582700134, "25": 1.9592069868940571, "26": 1.9851605667919034, "27": 2.020997691288365, "28": 2.0287997613945166, "29": 2.077618541584934, "30": 2.0149967831444138, "31": 2.4146701445504246, "32": 2.6353628529836373}, "10": {"11": 0.25045996805533277, "12": 0.2653277841950344, "13": 0.2793873544683705, "14": 0.26506609834496997, "15": 0.27831202481604117, "16": 0.6644928272996125, "17": 0.9757342377912019, "18": 1.2404487860575275, "19": 1.4034573268498898, "20": 1.5319408977321551, "21": 1.6228536943680927, "22": 1.7208692623161965, "23": 1.7732245268185332, "24": 1.7954380974129946, "25": 1.8195097743919955, "26": 1.8468943394931876, "27": 1.8515868944140812, "28": 1.8593053345274753, "29": 1.8800738548743499, "30": 1.8786768538589682, "31": 2.3107769846840553, "32": 2.6894923657959593}, "11": {"12": 0.8714979668727292, "13": 0.9119563327144432, "14": 0.9700017058967348, "15": 0.892043347193473, "16": 1.2212992663431705, "17": 1.3955304959999997, "18": 1.6020597048870593, "19": 1.6933520296355833, "20": 1.7911738040822898,