{"0": {"1": 0.3182245294410608, "2": 0.31186572083627423, "3": 0.32809579427042496, "4": 0.3413438508609222, "5": 0.3287170444949849, "6": 0.36507590898875214, "7": 0.4085572760570429, "8": 0.4231725403489393, "9": 0.49661904212241553, "10": 0.4958538504043863, "11": 0.5117090137931103, "12": 0.5496993203180223, "13": 0.5286209568431016, "14": 0.5597881527936013, "15": 0.5320620729518074, "16": 0.6374486087929707, "17": 0.9114694623460946, "18": 1.1164065184054006, "19": 1.3036756626729922, "20": 1.4306838504737467, "21": 1.53961358579385, "22": 1.598930645523108, "23": 1.6763967883891782, "24": 1.693801254139721, "25": 1.7219286516941452, "26": 1.744337252136385, "27": 1.7611019428808963, "28": 1.7862185510587416, "29": 1.770430865171886, "30": 1.7620947135100204, "31": 1.9128771328772696, "32": 2.177077960358285}, "1": {"2": 0.36901585410659016, "3": 0.2715900080798658, "4": 0.2589171656612532, "5": 0.2640936202350562, "6": 0.2970806591857046, "7": 0.3368092208434393, "8": 0.3982842993707593, "9": 0.43368011171461324, "10": 0.475161275357202, "11": 0.49841058556278656, "12": 0.5233901891866023, "13": 0.5362121758032686, "14": 0.5482988468388313, "15": 0.551495357003263, "16": 0.6866049441287744, "17": 0.965124324082727, "18": 1.2091636465283417, "19": 1.3644251215686591, "20": 1.4693178734475563, "21": 1.591142039104205, "22": 1.6504512159477307, "23": 1.7089905501706428, "24": 1.7723818005617613, "25": 1.78418768320754, "26": 1.7944645225078306, "27": 1.7973356271492325, "28": 1.8207869757161377, "29": 1.829548566720975, "30": 1.8425868597221342, "31": 1.858981764296944, "32": 2.0792269114751596}, "2": {"3": 0.3892714019687783, "4": 0.3390720031928832, "5": 0.2834007781147957, "6": 0.23916233870077838, "7": 0.28977795384333904, "8": 0.33823838802669665, "9": 0.3704692217490479, "10": 0.39716406247934877, "11": 0.41397108432024327, "12": 0.4325478140080303, "13": 0.42021748297448586, "14": 0.4532765715007281, "15": 0.4315375433725862, "16": 0.7448456746401494, "17": 0.982785929565857, "18": 1.230522325419902, "19": 1.3870490036202472, "20": 1.5147745340226373, "21": 1.6076074166774645, "22": 1.6923310171217987, "23": 1.740565448971213, "24": 1.771794525574708, "25": 1.8152600480426786, "26": 1.8141540003455847, "27": 1.8178311300531103, "28": 1.8386929506569678, "29": 1.8722698659469619, "30": 1.8617777450373227, "31": 1.8926259206022327, "32": 2.145137689804024}, "3": {"4": 0.5506658409376574, "5": 0.6380502306320592, "6": 0.7313936877957613, "7": 0.7469510357615221, "8": 0.820679035384497, "9": 0.8976383086979841, "10": 0.9214800177663472, "11": 0.9546802099471963, "12": 0.9942771274132007, "13": 0.9604917886244498, "14": 0.9915668336407362, "15": 0.9562534762816415, "16": 0.989835200131931, "17": 1.1933789561380599, "18": 1.3945058193786806, "19": 1.5345437078351436, "20": 1.6791051114402096, "21": 1.760397449383007, "22": 1.8265984755645321, "23": 1.8505139684433518, "24": 1.9091698117173888, "25": 1.9431386640859887, "26": 1.953770233244231, "27": 1.9572108763797886, "28": 1.9759620543288334, "29": 1.979308102835604, "30": 1.9744404208959332, "31": 1.9639601243148925, "32": 2.193246941428011}, "4": {"5": 0.48832734993608085, "6": 0.4801088109293399, "7": 0.48619960141922963, "8": 0.4840332267622874, "9": 0.49564763411362917, "10": 0.4994512841371597, "11": 0.49608048336918875, "12": 0.5061582798047397, "13": 0.5134013905309689, "14": 0.5145824833002342, "15": 0.5150140712940754, "16": 0.8320619223818815, "17": 1.0939895621042843, "18": 1.3020100089177669, "19": 1.4645555068612672, "20": 1.6070338579115833, "21": 1.6697738242835052, "22": 1.7373780041253726, "23": 1.7907301630498869, "24": 1.8313617880971098, "25": 1.8539753435683883, "26": 1.8798780331114524, "27": 1.8831748135823965, "28": 1.907909101802227, "29": 1.9054454635243216, "30": 1.9010290767928224, "31": 2.0115845784663455, "32": 2.285658010867303}, "5": {"6": 0.6769347717144384, "7": 0.7388046251592306, "8": 0.7500207891233784, "9": 0.7870798903567394, "10": 0.8305169556072176, "11": 0.8373688387145556, "12": 0.8458086503237997, "13": 0.8658498625229282, "14": 0.8866909511373071, "15": 0.8892844205432209, "16": 0.9585913825321158, "17": 1.0399977070025979, "18": 1.2437259225348645, "19": 1.3990901115762753, "20": 1.5509688038623122, "21": 1.6102225640191419, "22": 1.7141035475143027, "23": 1.7746254274988784, "24": 1.7754009457972173, "25": 1.8406922081363846, "26": 1.8619006392258877, "27": 1.8821357704140267, "28": 1.8668486477711699, "29": 1.8770390118149796, "30": 1.8820367613692328, "31": 1.9369021190389077, "32": 2.2136143474387393}, "6": {"7": 0.5860416307517511, "8": 0.632492875019671, "9": 0.6704870441585936, "10": 0.7094599523900311, "11": 0.73080428442956, "12": 0.7628119536568305, "13": 0.7665452095107743, "14": 0.7733271714216663, "15": 0.7603696779992628, "16": 0.9209662112743209, "17": 1.1927314559040147, "18": 1.413796107882952, "19": 1.5523066872287932, "20": 1.6624693847062768, "21": 1.7677966412467334, "22": 1.8242366841702904, "23": 1.8744359252884708, "24": 1.8979384337837764, "25": 1.9173828327041156, "26": 1.9509141849145752, "27": 1.9582351785518382, "28": 1.9815032500254683, "29": 1.9710936629294478, "30": 2.0006387186539607, "31": 2.025401306433565, "32": 2.2623877321856694}, "7": {"8": 0.9367000570516244, "9": 0.9654793692561082, "10": 0.9625862713635094, "11": 0.9825589812856249, "12": 1.010150027294826, "13": 1.0122278771449915, "14": 1.0243344918814552, "15": 0.9884535667496376, "16": 0.9554166291323034, "17": 1.2086102679499355, "18": 1.4283328586329591, "19": 1.584619108818474, "20": 1.6970363116153844, "21": 1.780169303376661, "22": 1.8510606465688848, "23": 1.9105575149216927, "24": 1.9342527599731534, "25": 1.9487193530401405, "26": 1.9781732826055882, "27": 2.0006747434417558, "28": 2.0045942718855483, "29": 2.016836156941179, "30": 2.0154290618379704, "31": 2.05662541681905, "32": 2.2706824986974405}, "8": {"9": 0.6062286763369263, "10": 0.5858335225684201, "11": 0.6136139154929067, "12": 0.6482636127022028, "13": 0.6883544717881919, "14": 0.7201897423045006, "15": 0.730299543256125, "16": 0.949079419634425, "17": 1.2174414648357856, "18": 1.397385043392389, "19": 1.548376201573828, "20": 1.6579356218062236, "21": 1.7559751504872088, "22": 1.8254554571333543, "23": 1.8726431994152406, "24": 1.911991884809538, "25": 1.9388405206404735, "26": 1.963816971109997, "27": 1.9543434766946788, "28": 1.970836207881431, "29": 2.0111648148011025, "30": 2.007451975621208, "31": 2.105653024630845, "32": 2.369754606580493}, "9": {"10": 0.5906755851294613, "11": 0.5952963750879955, "12": 0.6001322101693078, "13": 0.6159558420151064, "14": 0.6221562046166739, "15": 0.631412683187781, "16": 0.8635343436679322, "17": 1.129903989500464, "18": 1.3410421176210556, "19": 1.4913494354652213, "20": 1.60744968013396, "21": 1.7068943331967208, "22": 1.7614129227230355, "23": 1.8210162100332323, "24": 1.8536979448194704, "25": 1.8729632445759712, "26": 1.897529784987417, "27": 1.909229721648951, "28": 1.9175380467241834, "29": 1.9307633217749098, "30": 1.9206830816447815, "31": 2.048407508443168, "32": 2.296786674799822}, "10": {"11": 0.7141434901189975, "12": 0.7686582958601609, "13": 0.77168358974649, "14": 0.7812972418701263, "15": 0.774391833968666, "16": 1.063266960909087, "17": 1.2810289990816404, "18": 1.504253561751221, "19": 1.6663022014070146, "20": 1.790135556979101, "21": 1.9020588181560305, "22": 1.9748240809445252, "23": 2.0227215194288855, "24": 2.0713500955649127, "25": 2.1147683207184897, "26": 2.09273715284511, "27": 2.110991708993019, "28": 2.1656119877452826, "29": 2.1592463210299115, "30": 2.1566508809025646, "31": 2.0288579518271614, "32": 2.2909750172937127}, "11": {"12": 0.6973910178473697, "13": 0.7045513582734102, "14": 0.7065424963805244, "15": 0.6887291453470483, "16": 0.9398165559258744, "17": 1.1453071482213013, "18": 1.3470153742846762, "19": 1.5112261318391165, "20": 1.6185921391165106, "21": 1.7187777834381037, "22": 1.7800125916083045,