{"0": {"1": 0.485676098977749, "2": 0.5097597338092384, "3": 0.5424560519340783, "4": 0.5639821633185935, "5": 0.6298305091924592, "6": 0.7252884716249847, "7": 0.729627369589735, "8": 0.7830199677180548, "9": 0.8383918796248868, "10": 0.8521761301028888, "11": 0.8603282952117648, "12": 0.8821929765384784, "13": 0.929789367616724, "14": 0.9287663267063928, "15": 0.9052083226955318, "16": 1.1566248437536797, "17": 1.4160829330338816, "18": 1.6400600748043188, "19": 1.7879510516849761, "20": 1.8586796132868295, "21": 1.926777971235252, "22": 1.9644922191018201, "23": 2.043024522263182, "24": 2.036685972674726, "25": 2.063942547842306, "26": 2.094169000209519, "27": 2.0985378531400505, "28": 2.093551691427825, "29": 2.1131207187715884, "30": 2.105381695703941, "31": 2.3759961966744396, "32": 2.6570102734760788}, "1": {"2": 0.47837339363538345, "3": 0.46843118283442525, "4": 0.4654277245415783, "5": 0.5046498107910153, "6": 0.5115400835518703, "7": 0.587891113402255, "8": 0.6621122663566406, "9": 0.6361288560636762, "10": 0.6815747170853034, "11": 0.7020990713509624, "12": 0.717219943933727, "13": 0.6900294273485825, "14": 0.7147400669112163, "15": 0.7325238571231963, "16": 1.0068642040350473, "17": 1.3035724756987581, "18": 1.4618930622051962, "19": 1.610923116074165, "20": 1.7062955491964984, "21": 1.7945130022550833, "22": 1.8360957762947583, "23": 1.8677997967636255, "24": 1.8934756168553133, "25": 1.9378774684905602, "26": 1.9466959739303862, "27": 1.9271718002064355, "28": 1.9366546752557747, "29": 1.9657915551570693, "30": 1.9865984320473713, "31": 2.2533306117947314, "32": 2.599715489252575}, "2": {"3": 0.4175750608481751, "4": 0.4403594384532747, "5": 0.505398448449006, "6": 0.4844764814270123, "7": 0.567672220958721, "8": 0.6400597358629265, "9": 0.7420055497396728, "10": 0.7167617117861116, "11": 0.771685560467923, "12": 0.8049775094386928, "13": 0.839363445291388, "14": 0.8605851984577779, "15": 0.8505857579064053, "16": 1.0808889154769854, "17": 1.3455586958302115, "18": 1.5385895989372265, "19": 1.6876314771347938, "20": 1.8136762186413533, "21": 1.8600670800045631, "22": 1.9418052739643739, "23": 1.9603902018533264, "24": 2.0022653521248097, "25": 1.9702682459644194, "26": 1.9798513913202747, "27": 2.015460120407755, "28": 2.059740023800726, "29": 2.085323692958204, "30": 2.0286713639218794, "31": 2.267358206955289, "32": 2.5811020253172745}, "3": {"4": 0.6440707846100733, "5": 0.6796272501651498, "6": 0.6878110256458103, "7": 0.7463545377981625, "8": 0.7611302188147112, "9": 0.754055486527722, "10": 0.7607922795033684, "11": 0.7644127312624831, "12": 0.8067707082850674, "13": 0.7857781106069128, "14": 0.769985458502047, "15": 0.7957024272572587, "16": 1.1325533485662218, "17": 1.4180806139361506, "18": 1.5568245266996672, "19": 1.6702655586954827, "20": 1.773852195237402, "21": 1.8205130454369416, "22": 1.8684181303204637, "23": 1.8766350927500568, "24": 1.924609074054877, "25": 1.932501892223162, "26": 1.9580414172205423, "27": 1.961178569255408, "28": 1.9471625619368782, "29": 1.9558472948058223, "30": 1.9523650300335962, "31": 2.337904122094723, "32": 2.6725494119757975}, "4": {"5": 0.5588468574083109, "6": 0.557182622572515, "7": 0.6131576540667243, "8": 0.6232315878882683, "9": 0.6752199287522421, "10": 0.7309456245707407, "11": 0.7635887332168878, "12": 0.7926675162503383, "13": 0.8403656753833886, "14": 0.8309665954093823, "15": 0.8322061791907803, "16": 1.0536338380576942, "17": 1.3171461742988517, "18": 1.4779030454697064, "19": 1.5931078731481152, "20": 1.7064003127478806, "21": 1.7671399968652377, "22": 1.7916979449312367, "23": 1.828929839019848, "24": 1.8926189048339335, "25": 1.8843059288561204, "26": 1.891402260250014, "27": 1.8887494327145378, "28": 1.9244941415809036, "29": 1.9108249812345894, "30": 1.9033717127747372, "31": 2.3107948780614787, "32": 2.571768688610278}, "5": {"6": 0.6388208615412433, "7": 0.6245442460204045, "8": 0.7510366566076958, "9": 0.8032025200583603, "10": 0.8848254662287683, "11": 0.9369885706694259, "12": 0.9995558230149528, "13": 1.034398966240119, "14": 1.054854345255617, "15": 1.062236667743879, "16": 1.1672971674311607, "17": 1.387189555472854, "18": 1.586302577895456, "19": 1.713335675615122, "20": 1.7564428420977043, "21": 1.852365815959574, "22": 1.8944474190083884, "23": 1.9271092100937217, "24": 1.9825764260890593, "25": 1.9496944660052227, "26": 1.958597948953237, "27": 1.987906281619212, "28": 2.0180955267657668, "29": 2.0556454164648166, "30": 2.009928620660571, "31": 2.2448314420559212, "32": 2.3902179473105822}, "6": {"7": 0.5698380438136597, "8": 0.5979364323485881, "9": 0.6348387429847333, "10": 0.6411556934662811, "11": 0.6659466596345263, "12": 0.675928284864142, "13": 0.6919313311892051, "14": 0.7130407532339105, "15": 0.7270703191159015, "16": 1.0413242390136248, "17": 1.2838464212712053, "18": 1.4764291034954848, "19": 1.6285689557858307, "20": 1.7263476397779365, "21": 1.7917500508059259, "22": 1.8571233739855637, "23": 1.8826688899761024, "24": 1.9009229731508666, "25": 1.9335931200950764, "26": 1.9554124748288333, "27": 1.958790054878533, "28": 1.9536817084374578, "29": 1.9746381236700987, "30": 1.987138409720031, "31": 2.3024331070209834, "32": 2.608995616480879}, "7": {"8": 0.8748614986631909, "9": 0.8803997776921039, "10": 0.8793129642361962, "11": 0.8418212502338498, "12": 0.8570583953811652, "13": 0.8750939649634333, "14": 0.890638779140881, "15": 0.8836860739250271, "16": 1.117666755347418, "17": 1.3843686648135674, "18": 1.508770376446947, "19": 1.6281629871706191, "20": 1.7415911700626956, "21": 1.7957801761365442, "22": 1.8740834026385225, "23": 1.8913794787102503, "24": 1.9055817586186325, "25": 1.930430112195007, "26": 1.9832587686780443, "27": 1.9435327295437426, "28": 1.9681941010705497, "29": 1.9941600901860423, "30": 1.9741237653760688, "31": 2.3006574870097913, "32": 2.6179328381798297}, "8": {"9": 0.7116665297642086, "10": 0.763074453751717, "11": 0.7339972472954107, "12": 0.7645444542830688, "13": 0.7775564184458797, "14": 0.7869011065083341, "15": 0.7800232887069366, "16": 1.1644273240514735, "17": 1.5321494389516843, "18": 1.693951028968634, "19": 1.8621938825751254, "20": 1.9496245448087766, "21": 2.0543903822273837, "22": 2.103321661175529, "23": 2.157342131152426, "24": 2.1536108460199155, "25": 2.2022398951290874, "26": 2.2212017037848995, "27": 2.2478436503519337, "28": 2.2387110907445393, "29": 2.235025605178133, "30": 2.239244919766326, "31": 2.638734748852121, "32": 2.922821180367909}, "9": {"10": 1.725489666494835, "11": 1.723083967427066, "12": 1.7517924913176706, "13": 1.748263954006195, "14": 1.7477510934604537, "15": 1.74966466397196, "16": 1.5530509892996327, "17": 1.4502760535015657, "18": 1.4617033999744813, "19": 1.5800872378109945, "20": 1.693156749402253, "21": 1.7251179884325594, "22": 1.7785548883786955, "23": 1.7854967940410953, "24": 1.8361887155175418, "25": 1.8827721557791919, "26": 1.8605953910063393, "27": 1.8987520264202027, "28": 1.9040648549171761, "29": 1.888608486717646, "30": 1.9131577636093386, "31": 2.243984347155133, "32": 2.5356543512319294}, "10": {"11": 0.873148074620424, "12": 0.878462400865686, "13": 0.889458317002475, "14": 0.8809701833036893, "15": 0.864934423002838, "16": 1.269376044419067, "17": 1.571554171663537, "18": 1.7260993288773703, "19": 1.838297072135492, "20": 1.91935418476804, "21": 2.0111800287705672, "22": 2.0747937341970517, "23": 2.0836314738780604, "24": 2.116847037686085, "25": 2.1606911751557742, "26": 2.1538998326108616, "27": 2.1996713356420887, "28": 2.205778364876587, "29": 2.1919281346450052, "30": 2.189015408366935, "31": 2.5363664911289807, "32": 2.809115598726918}, "11": {"12": 0.7476969144095095, "13": 0.801605132093574, "14": 0.763238102459517, "15": 0.7316415257231831, "16": 1.0424503880693345, "17": 1.2650733288998264, "18": 1.4175938457421833, "19": 1.583848241422716, "20": 1.651258108131284, "21": 1.7240960511262282, "22": 1.7757393580817045, "23": 1.804569830214589,