{"0": {"1": 0.26593296079538703, "2": 0.2606190498835782, "3": 0.2741821510368778, "4": 0.28525324891887904, "5": 0.2747013156402545, "6": 0.3050855870946542, "7": 0.34142197104409844, "8": 0.3536356131312681, "9": 0.4150131747887258, "10": 0.4143737215714989, "11": 0.42762351897480977, "12": 0.45937114922015615, "13": 0.44175644297028743, "14": 0.46780215576736295, "15": 0.4446321049968325, "16": 0.5327012225894802, "17": 0.7616941824755534, "18": 0.9329553928865361, "19": 1.0894519335151645, "20": 1.1955897711181793, "21": 1.2866198594750173, "22": 1.3361897695859224, "23": 1.4009264533668877, "24": 1.415470967318195, "25": 1.4389763901221981, "26": 1.4577027449803621, "27": 1.4717126135921175, "28": 1.492701988577144, "29": 1.4795085805787935, "30": 1.4725422493001423, "31": 1.5985476684570301, "32": 1.8193342571591142}}