{"0": {"1": 0.3177188199034085, "2": 0.32118555714785635, "3": 0.32775996762407594, "4": 0.3292540692433173, "5": 0.3445619978421236, "6": 0.3319423621032684, "7": 0.326056139483769, "8": 0.33222119809125683, "9": 0.3413682829606846, "10": 0.3460845862237546, "11": 0.36841704521266666, "12": 0.37997068014156893, "13": 0.3736869509142289, "14": 0.38123964913355324, "15": 0.392258285223892, "16": 0.5863093112524433, "17": 0.8991107491388667, "18": 1.070768418456863, "19": 1.2016643649366696, "20": 1.32569362094451, "21": 1.4002259645743962, "22": 1.488402813356373, "23": 1.5304103960272601, "24": 1.5406017532832854, "25": 1.6012608256182128, "26": 1.6204524010426733, "27": 1.607324291129214, "28": 1.6407176803301788, "29": 1.6535728405509398, "30": 1.6438568198071424, "31": 1.89881610467122, "32": 2.0962638137632417}}