{"0": {"1": 0.4058684074906545, "2": 0.42599455027638566, "3": 0.4533181155003448, "4": 0.4713069944373335, "5": 0.5263349509951547, "6": 0.6061069868773793, "7": 0.6097329046668778, "8": 0.6543518777226683, "9": 0.7006249180321285, "10": 0.7121441008820453, "11": 0.718956678806519, "12": 0.7372284929004024, "13": 0.7770037082957866, "14": 0.7761487764061016, "15": 0.7564618912748967, "16": 0.9665649275031344, "17": 1.18338811836711, "18": 1.370560692920425, "19": 1.4941497997245865, "20": 1.5532560409455778, "21": 1.6101642811316388, "22": 1.6416812154702443, "23": 1.707308865024676, "24": 1.7020118841094487, "25": 1.7247895805622895, "26": 1.7500491354635794, "27": 1.7537000859328487, "28": 1.749533264633857, "29": 1.7658866532005817, "30": 1.759419328630543, "31": 1.9855656775737025, "32": 2.2204027141789626}}