{"0": {"1": 0.2508267656976156, "2": 0.4098685103950717, "3": 0.37295391088303587, "4": 0.4227966764340565, "5": 0.4232713846338996, "6": 0.2583148216530232, "7": 0.3785536487371447, "8": 0.4017166208551022, "9": 0.39416571503551673, "10": 0.4375893097077719, "11": 0.4945821463201594, "12": 0.519423646880261, "13": 0.5128285044712315, "14": 0.6118659522750831, "15": 0.6547392977221939, "16": 0.6169179832128742, "17": 0.5834726726879403, "18": 0.29234915711488557, "19": 0.6394894990003218, "20": 0.9896973827742057}, "1": {"2": 0.3168257843329372, "3": 0.34047099369912975, "4": 0.38093243390595527, "5": 0.40603663341028057, "6": 0.2558667258777604, "7": 0.38134307747068347, "8": 0.388734512787459, "9": 0.3891786128854141, "10": 0.4462326763109686, "11": 0.48289238104379867, "12": 0.49592877315548084, "13": 0.5012629092503202, "14": 0.6211515530381778, "15": 0.6488267904903156, "16": 0.6207700030006227, "17": 0.5820425141766651, "18": 0.3058948641693809, "19": 0.6389896711735508, "20": 0.998332199623097}, "2": {"3": 0.28583637567709896, "4": 0.33987662745426145, "5": 0.4066006573998979, "6": 0.2586490714517085, "7": 0.40323115757026873, "8": 0.37151959496326076, "9": 0.4037136693729728, "10": 0.42190479488054883, "11": 0.47730183361296863, "12": 0.536015359321603, "13": 0.516615186404161, "14": 0.5789358114089374, "15": 0.6237768055130997, "16": 0.6007916606000551, "17": 0.5627397701022506, "18": 0.30928854577776776, "19": 0.6224992855165101, "20": 0.9829440549266552}, "3": {"4": 0.2891500421478435, "5": 0.37410888844966994, "6": 0.274647105200017, "7": 0.3881800589760012, "8": 0.39382390912160103, "9": 0.4011163372916441, "10": 0.437329409298113, "11": 0.470723501901799, "12": 0.5349816590491978, "13": 0.5317818957439884, "14": 0.5937764260291301, "15": 0.6486876097674444, "16": 0.5965861216877912, "17": 0.5589704394075873, "18": 0.3158881511765688, "19": 0.6306763396475724, "20": 0.9818920560004771}, "4": {"5": 0.30575074464183416, "6": 0.27613673377702913, "7": 0.3949489700221262, "8": 0.40088330071824824, "9": 0.39832575344638976, "10": 0.44063828334573324, "11": 0.4868255903145824, "12": 0.5374437138977413, "13": 0.522905434876583, "14": 0.6024778814470548, "15": 0.6357701551898458, "16": 0.6007017171783421, "17": 0.5685154603647149, "18": 0.2824105206387848, "19": 0.6428226476312179, "20": 0.9950361307447302}, "5": {"6": 0.2513893992445196, "7": 0.39010790272381374, "8": 0.4045442332374804, "9": 0.4132651736402637, "10": 0.4465091352084008, "11": 0.4876238201116401, "12": 0.5108814215086676, "13": 0.5019568966432937, "14": 0.6200603982367204, "15": 0.6604372177174246, "16": 0.6319320236485529, "17": 0.5854848290468242, "18": 0.30804778572470204, "19": 0.6365864294582109, "20": 1.0110162806694294}, "6": {"7": 0.398629337134039, "8": 0.3845690685805192, "9": 0.37411182974184193, "10": 0.4466257310347826, "11": 0.4897831978572147, "12": 0.5340655047441466, "13": 0.5167588128945493, "14": 0.5759933412029282, "15": 0.6325765605317517, "16": 0.5790294655595013, "17": 0.5645082970049261, "18": 0.27095857379636124, "19": 0.6331794317284104, "20": 0.9875149256263694}, "7": {"8": 0.304144653226007, "9": 0.345892097983655, "10": 0.4239739996261875, "11": 0.498202269568178, "12": 0.5466442139365345, "13": 0.5331160802028927, "14": 0.5652674859607023, "15": 0.6288408854192252, "16": 0.5754443975113317, "17": 0.5483143072278355, "18": 0.25836824772606115, "19": 0.6213456638855914, "20": 0.9782747235605446}, "8": {"9": 0.30730013231337294, "10": 0.40361629627808876, "11": 0.5039711712407574, "12": 0.5791337993125014, "13": 0.534579330467058, "14": 0.5890796777549174, "15": 0.6279587988572891, "16": 0.5794260546729406, "17": 0.5532122228985488, "18": 0.2454869493612689, "19": 0.621325067340794, "20": 0.9932980101885313}, "9": {"10": 0.386366603506886, "11": 0.4511320055212941, "12": 0.5195926829783942, "13": 0.477021121517784, "14": 0.5117111989820391, "15": 0.5978508153076921, "16": 0.5833876013327781, "17": 0.5489858502608513, "18": 0.2608189179535314, "19": 0.6153322002229282, "20": 0.9713123169653326}, "10": {"11": 0.3154553712315389, "12": 0.44930419368436564, "13": 0.4128899746802149, "14": 0.47448085669219947, "15": 0.5835709727550332, "16": 0.5707062765124, "17": 0.51234186584826, "18": 0.23765607813075365, "19": 0.626497327010236, "20": 0.9525402416288443}, "11": {"12": 0.46518887740813386, "13": 0.3751375472502337, "14": 0.5403248587306285, "15": 0.5245646556568878, "16": 0.5327992461021501, "17": 0.46949619210321036, "18": 0.2645110044520288, "19": 0.6371026867340539, "20": 0.9570882265028572}, "12": {"13": 0.332314702267759, "14": 0.5091797655318815, "15": 0.5561461972585543, "16": 0.4664622270784006, "17": 0.45013555731936106, "18": 0.3376024999084875, "19": 0.7052549682485189, "20": 0.904761104807115}, "13": {"14": 0.59829273072921, "15": 0.6592150472773621, "16": 0.5089803347113421, "17": 0.4718550596069352, "18": 0.3654125661922999, "19": 0.716080743547572, "20": 0.9299011769045726}, "14": {"15": 0.4784565733240673, "16": 0.44485751927459677, "17": 0.3933278005328924, "18": 0.33661661473921695, "19": 0.6931608897733579, "20": 0.8719042001334765}, "15": {"16": 0.37436743900105707, "17": 0.39054647837218187, "18": 0.3221365557086458, "19": 0.6526245371350676, "20": 0.8061928079217161}, "16": {"17": 0.3355607747754833, "18": 0.2775332840331988, "19": 0.567027483039512, "20": 0.7944355425822673}, "17": {"18": 0.26479686568299055, "19": 0.43837660933442557, "20": 0.5809708707015885}, "18": {"19": 0.38976566444643596, "20": 0.44675255814622516}, "19": {"20": 0.2990988404511332}}