{"0": {"1": 0.23577848718961045, "2": 0.3852785688912935, "3": 0.35057864998929383, "4": 0.3974311133868147, "5": 0.39787734160693394, "6": 0.24281729941623537, "7": 0.35584243320727726, "8": 0.377615749582018, "9": 0.37051785815044974, "10": 0.41133626695017883, "11": 0.4649098349852313, "12": 0.4882609769787522, "13": 0.48206150821122984, "14": 0.5751572332761651, "15": 0.6154584048922109, "16": 0.5799061690942168, "17": 0.5484674002003809, "18": 0.27480975486804166, "19": 0.6011235133881532, "20": 0.9303207775175538}, "1": {"2": 0.29781791398904056, "3": 0.32004453592923443, "4": 0.35807850385504614, "5": 0.3816765842464015, "6": 0.24051607643159345, "7": 0.35846451097911236, "8": 0.36541249929408415, "9": 0.3658299557364434, "10": 0.4194610772998994, "11": 0.45392139376048296, "12": 0.4661756713370973, "13": 0.4711897874957409, "14": 0.5838857471350429, "15": 0.6099006168038755, "16": 0.5835270880804891, "17": 0.5471230436310491, "18": 0.28754279118631404, "19": 0.6006536725857827, "20": 0.9384375510529801}, "2": {"3": 0.2686877058493611, "4": 0.3194858285135332, "5": 0.3822067697815886, "6": 0.2431314959959276, "7": 0.3790394221095567, "8": 0.3492303854339702, "9": 0.37949298575766377, "10": 0.3965927400064719, "11": 0.44866624958901946, "12": 0.5038572744808327, "13": 0.4856210092681892, "14": 0.5442027265879882, "15": 0.586353498354919, "16": 0.5647473404938995, "17": 0.5289783620464676, "18": 0.2907328698583537, "19": 0.5851526227971905, "20": 0.9239726136006674}, "3": {"4": 0.2718025698685582, "5": 0.351664335014341, "6": 0.2581697323846702, "7": 0.36489130977701467, "8": 0.3701965587824522, "9": 0.3770514798555265, "10": 0.4110919591896458, "11": 0.4424825829664515, "12": 0.5028855907541885, "13": 0.4998777963133965, "14": 0.5581529828709695, "15": 0.6097697861877998, "16": 0.560794111659677, "17": 0.5254351712453054, "18": 0.29693653385988056, "19": 0.5928390969552702, "20": 0.9229837290426359}, "4": {"5": 0.2874073180677059, "6": 0.25956999113052415, "7": 0.37125412198303104, "8": 0.37683242424325036, "9": 0.3744283162725657, "10": 0.41420231830574344, "11": 0.45761863129048214, "12": 0.5051999353415888, "13": 0.49153387612173055, "14": 0.566332397013954, "15": 0.5976273105226692, "16": 0.5646627932014877, "17": 0.5344075414594865, "18": 0.26546738398292047, "19": 0.6042566907409969, "20": 0.9353392288637485}, "5": {"6": 0.23630736570128838, "7": 0.366703493102558, "8": 0.38027372018583894, "9": 0.3884714503177096, "10": 0.4197209501265708, "11": 0.458368971524135, "12": 0.48023123992200173, "13": 0.47184213931787944, "14": 0.5828600558470268, "15": 0.6208144798424517, "16": 0.594019446561565, "17": 0.5503588378265334, "18": 0.28956654884207983, "19": 0.5983946126548465, "20": 0.9503606543636531}, "6": {"7": 0.37471368654559173, "8": 0.3614969596950567, "9": 0.3516670998445487, "10": 0.41983055082042203, "11": 0.4603987980329067, "12": 0.5020244008589376, "13": 0.48575601892925907, "14": 0.5414367890220997, "15": 0.5946253146428117, "16": 0.5442907619851579, "17": 0.5306407866944403, "18": 0.25470249334466377, "19": 0.595192016758206, "20": 0.9282692562485146}, "7": {"8": 0.2858975836370173, "9": 0.32514040264643873, "10": 0.39853780341808726, "11": 0.46831276999690685, "12": 0.5138484540692505, "13": 0.5011319367655824, "14": 0.5313544283306753, "15": 0.5911137602669712, "16": 0.5409207790468606, "17": 0.5154183506015972, "18": 0.2428675202076343, "19": 0.5840682123588917, "20": 0.9195834174053308}, "8": {"9": 0.2888637506786739, "10": 0.37940145453315155, "11": 0.4737355680995071, "12": 0.5443888362651366, "13": 0.5025073997577602, "14": 0.5537380146369203, "15": 0.590284594230543, "16": 0.5446635578506331, "17": 0.5200224172529819, "18": 0.23075903157388883, "19": 0.5840488514977803, "20": 0.9337053863423814}, "9": {"10": 0.3631866520388163, "11": 0.42406647268600034, "12": 0.48841987180557594, "13": 0.4484023787339519, "14": 0.48101123513834726, "15": 0.5619829303554379, "16": 0.548387432676311, "17": 0.5160496046065949, "18": 0.2451711631909758, "19": 0.5784155246913335, "20": 0.9130387183591491}, "10": {"11": 0.2965297184211798, "12": 0.42234831988608024, "13": 0.3881187613096231, "14": 0.44601451635422745, "15": 0.5485598027836751, "16": 0.5364669202326215, "17": 0.48160406533023137, "18": 0.2233979711744042, "19": 0.5889108029598625, "20": 0.8953928681966411}, "11": {"12": 0.4372800066518802, "13": 0.35263127973077363, "14": 0.5079082267321945, "15": 0.49309355243620107, "16": 0.5008341110341243, "17": 0.44132890526056795, "18": 0.2486417440389478, "19": 0.5988798972262931, "20": 0.8996679980472119}, "12": {"13": 0.3123775788187459, "14": 0.4786316742982618, "15": 0.5227803686786651, "16": 0.438476962080795, "17": 0.4231298061027466, "18": 0.3173481365852913, "19": 0.6629434025276882, "20": 0.8504802267258595}, "13": {"14": 0.5623983331903843, "15": 0.6196656331607816, "16": 0.47844420827152023, "17": 0.4435462531977473, "18": 0.3434897460694438, "19": 0.6731196886013306, "20": 0.8741120275446055}, "14": {"15": 0.4497517110286046, "16": 0.41816842240805757, "17": 0.3697302140835435, "18": 0.3164213993086423, "19": 0.6515749047563478, "20": 0.8195945624462225}, "15": {"16": 0.35190737390095483, "17": 0.3671157565330689, "18": 0.3028100671880497, "19": 0.6134705187485051, "20": 0.7578255060071262}, "16": {"17": 0.3154289041549809, "18": 0.2608827557621939, "19": 0.5330088348990721, "20": 0.746773614365849}, "17": {"18": 0.24891045510889626, "19": 0.4120763327658069, "20": 0.5461156930930895}, "18": {"19": 0.366381787310618, "20": 0.41994976897637676}, "19": {"20": 0.28115449292501576}}