{"0": {"1": 0.2501728599585572, "2": 0.40879998259876094, "3": 0.37198161950076497, "4": 0.4216944448902813, "5": 0.4221679155251644, "6": 0.25764139454131546, "7": 0.37756675883023133, "8": 0.4006693450465509, "9": 0.3931381244493012, "10": 0.4364485137477687, "11": 0.49329276995310756, "12": 0.5180695086855075, "13": 0.5114915598222274, "14": 0.6102708168571611, "15": 0.6530323914310059, "16": 0.6153096771430286, "17": 0.5819515585907538, "18": 0.2915870024416608, "19": 0.6378223489563429, "20": 0.987117240273356}, "1": {"2": 0.3159998190573384, "3": 0.3395833853286931, "4": 0.37993934250268424, "5": 0.40497809532278234, "6": 0.25519968095526097, "7": 0.38034891551904837, "8": 0.38772108135331845, "9": 0.38816402368167924, "10": 0.44506934708179496, "11": 0.4816334799116413, "12": 0.4946358861303318, "13": 0.4999561161246973, "14": 0.6195322100457065, "15": 0.647135298113988, "16": 0.6191516547096483, "17": 0.5805251285047751, "18": 0.30509739581837575, "19": 0.6373238241814354, "20": 0.9957295461422987}, "2": {"3": 0.28509119983445297, "4": 0.3389905685974803, "5": 0.40554064890104724, "6": 0.25797477295029464, "7": 0.4021799333623219, "8": 0.37055104284465634, "9": 0.4026611872560621, "10": 0.4208048884732668, "11": 0.476057507046007, "12": 0.5346179665086431, "13": 0.5152683698699095, "14": 0.5774265249156326, "15": 0.622150618483649, "16": 0.5992253958764634, "17": 0.561272706711935, "18": 0.3084822300939268, "19": 0.6208764289835287, "20": 0.9803815183612206}, "3": {"4": 0.2883962275719406, "5": 0.37313358603922103, "6": 0.27393109980160363, "7": 0.38716807300374484, "8": 0.39279720962389486, "9": 0.4000706264232064, "10": 0.4361892908988517, "11": 0.4694963250550732, "12": 0.5335869610943353, "13": 0.5303955395766663, "14": 0.5922284500321582, "15": 0.6469964802354616, "16": 0.5950308208101946, "17": 0.5575132026678159, "18": 0.31506463031195775, "19": 0.6290321655227064, "20": 0.9793322619977567}, "4": {"5": 0.30495365201064467, "6": 0.27541684491477225, "7": 0.3939193374890336, "8": 0.3998381973764927, "9": 0.3972873176340517, "10": 0.43948953870706914, "11": 0.4855564353001971, "12": 0.5360425973623463, "13": 0.5215422196555136, "14": 0.6009072207432888, "15": 0.6341127014805321, "16": 0.5991356869373802, "17": 0.5670333397415751, "18": 0.2816742760051527, "19": 0.6411468080639625, "20": 0.99244207012024}, "5": {"6": 0.2507340267189949, "7": 0.3890908908601331, "8": 0.4034895858393799, "9": 0.41218779073798567, "10": 0.44534508525048383, "11": 0.4863525841110254, "12": 0.5095495529077482, "13": 0.5006482942915388, "14": 0.6184438998863865, "15": 0.6587154569406111, "16": 0.6302845759536897, "17": 0.583958469255115, "18": 0.3072447047041046, "19": 0.6349268477207052, "20": 1.0083805597710935}, "6": {"7": 0.3975901098785904, "8": 0.3835664964654193, "9": 0.37313651966344014, "10": 0.4454613771113785, "11": 0.4885063323557104, "12": 0.5326731952048755, "13": 0.5154116219258307, "14": 0.5744917257336841, "15": 0.6309274325283065, "16": 0.5775199349096913, "17": 0.5630366230624307, "18": 0.2702521844046242, "19": 0.6315287320388882, "20": 0.9849404727944442}, "7": {"8": 0.3033517476774494, "9": 0.34499035678654877, "10": 0.42286869879915645, "11": 0.49690345553461, "12": 0.5452191116843009, "13": 0.5317262458147667, "14": 0.5637938328115069, "15": 0.6272014963261733, "16": 0.5739442131390814, "17": 0.5468848510399885, "18": 0.2576946813325041, "19": 0.6197258148458616, "20": 0.9757243599486995}, "8": {"9": 0.3064990004262945, "10": 0.4025640680129765, "11": 0.5026573176722289, "12": 0.5776239966644473, "13": 0.533185681383388, "14": 0.587543946187454, "15": 0.6263217093651733, "16": 0.5779154901147413, "17": 0.5517699978375012, "18": 0.24484696453108223, "19": 0.6197052719962861, "20": 0.9907084808468318}, "9": {"10": 0.3853593452156468, "11": 0.44995590373382016, "12": 0.5182381041062897, "13": 0.4757775267676584, "14": 0.5103771671500528, "15": 0.5962922173720089, "16": 0.5818667090167369, "17": 0.5475546433593511, "18": 0.26013896265916536, "19": 0.613728028291619, "20": 0.9687801043574987}, "10": {"11": 0.3146329786248672, "12": 0.44813285700498035, "13": 0.4118135699221655, "14": 0.4732438844161291, "15": 0.5820496023894303, "16": 0.5692184444284111, "17": 0.5110061898668461, "18": 0.23703650839313184, "19": 0.6248640475773282, "20": 0.9500569678484215}, "11": {"12": 0.46397612933542615, "13": 0.3741595631248117, "14": 0.5389162310465089, "15": 0.5231971148448569, "16": 0.5314102377009806, "17": 0.4682722148548953, "18": 0.26382142388284907, "19": 0.6354417591130873, "20": 0.9545930961193243}, "12": {"13": 0.331448357360819, "14": 0.5078523331505419, "15": 0.5546963233221289, "16": 0.46524615938127045, "17": 0.4489620532737832, "18": 0.3367223697054902, "19": 0.7034163675315879, "20": 0.9024023913051302}, "13": {"14": 0.596732980719387, "15": 0.6574964727006443, "16": 0.5076534222464386, "17": 0.470624932787644, "18": 0.36445993510648805, "19": 0.7142139200188604, "20": 0.9274769231984586}, "14": {"15": 0.47720923634901746, "16": 0.44369777508179553, "17": 0.39230239439099074, "18": 0.3357390547402744, "19": 0.6913538183364123, "20": 0.8696311446292497}, "15": {"16": 0.3733914625489487, "17": 0.38952832314115493, "18": 0.3212967452444295, "19": 0.650923144027773, "20": 0.8040910621115297}, "16": {"17": 0.3346859673528453, "18": 0.2768097543624148, "19": 0.5655492415753999, "20": 0.7923644479797369}, "17": {"18": 0.2641065398731704, "19": 0.43723376088316296, "20": 0.5794562788057799}, "18": {"19": 0.3887495447984368, "20": 0.4455878735843591}, "19": {"20": 0.2983190893437395}}