{"0": {"1": 0.21973738597265494, "2": 0.3590662855147407, "3": 0.32672716262073087, "4": 0.3703920361894183, "5": 0.37080790543942915, "6": 0.22629731524129554, "7": 0.3316328263156389, "8": 0.3519248032519976, "9": 0.345309814210032, "10": 0.3833511578293192, "11": 0.43327986819458514, "12": 0.45504232397370875, "13": 0.44926463374576625, "14": 0.5360266259649582, "15": 0.5735859224389561, "16": 0.5404524697102844, "17": 0.5111526257029965, "18": 0.256113175948609, "19": 0.5602262999184751, "20": 0.8670267512716623}}