{"0": [15.0, 18.546777791591897, 19.415359743445027, 20.069498894675586, 20.559196225793254, 20.915270684226368, 21.182353727013957, 21.37707793520293, 21.535838834435832, 21.6446015755247, 21.72790229128203, 21.784648648888957, 21.82999967733134, 21.865572808249805, 21.89287293149629, 21.88372968831767, 21.850302817360546, 21.78452848592509, 21.76134275594462, 21.72883117006621, 21.717508069665325, 21.68309377828349, 21.70090949343047, 21.70177816549052, 21.677111746803906, 21.69544303224883, 21.68426024721465, 21.695585004479778, 21.683341733605754, 21.698893425925586, 21.676863549216602, 21.694186917931926, 19.690884487780096], "1": [15.0, 18.76372504257306, 19.585978282863636, 20.227363586425785, 20.677560806274418, 21.011353717868786, 21.26240848166273, 21.452096210544568, 21.62268447875977, 21.7204761505127, 21.77930759054945, 21.84077762228773, 21.877507434909802, 21.91099357604981, 21.929544448852543, 21.929314838474255, 21.91407321554945, 21.84482501608656, 21.83481025695801, 21.793042408054333, 21.781454814846057, 21.73816226584242, 21.765605197971325, 21.797975540161136, 21.753562198703747, 21.76750755310059, 21.74685023886488, 21.80753326416016, 21.760988235473636, 21.779642833644886, 21.74134372336195, 21.736429214477543, 19.728057708740238], "2": [15.0, 16.23607683181755, 16.995170593262053, 17.575073242187578, 17.950724601745744, 18.294239997863816, 18.49066257476821, 18.670073509216426, 18.806428909301886, 18.916635513305746, 18.949820518493834, 19.02497673034678, 19.044810295105158, 19.103852272033798, 19.11729812622082, 19.10165500640883, 19.07826137542736, 19.022697448730675, 19.033137321472246, 18.971439361572457, 18.960549354553354, 18.932744026184263, 18.94167518615738, 18.95621299743663, 18.92436408996601, 18.938149452209583, 18.9107189178469, 18.965389251709045, 18.92313098907492, 18.954649925232026, 18.92412471771257, 18.9161539077767, 19.982795387692196], "3": [15.0, 18.169659420170767, 19.150036195992172, 19.852769513846695, 20.456730317582842, 20.855724763383623, 21.189520310868975, 21.398170899858233, 21.52825589131331, 21.66942944121486, 21.8199154336465, 21.853243302812334, 21.925586362601578, 21.961135526419937, 22.01077122639632, 21.981621217241045, 21.9150089735887, 21.84449238728499, 21.78528819489354, 21.783075761308428, 21.78453488301253, 21.731294294120133, 21.742838334550616, 21.668841977835953, 21.699375490425766, 21.71702351164943, 21.741442064522445, 21.61027302336818, 21.697877546073258, 21.692803998709977, 21.729619642020523, 21.815675397635758, 19.797794349919467], "4": [15.0, 19.118762969968852, 20.052082061767415, 20.7199802398682, 21.2539882659912, 21.613177299499554, 21.901100158691442, 22.109074592590392, 22.277061462402372, 22.354235649109004, 22.47475624084478, 22.537355422973707, 22.57432174682626, 22.609698295593343, 22.633024215698324, 22.650683403015165, 22.592714309692433, 22.523036956787188, 22.49387359619145, 22.463700294494668, 22.42843532562265, 22.46602058410644, 22.431811332702726, 22.448225021362322, 22.41016197204601, 22.443660736084027, 22.421416282653915, 22.433193206787184, 22.41961288452161, 22.449436187744183, 22.4113292694093, 22.424443244934434, 22.875222067786513], "5": [15.0, 18.25588502058749, 19.185946239406604, 19.836420059204105, 20.375954853122693, 20.714282260959607, 21.007689701145154, 21.21445964438246, 21.379780994480114, 21.446922302246097, 21.578540073459607, 21.638986587524418, 21.67977832419203, 21.700032459323864, 21.735278354709607, 21.756810413425427, 21.69072459799574, 21.625746952121716, 21.592121124267575, 21.56730461120606, 21.52461551291273, 21.56417846679688, 21.514053344726566, 21.544787632053357, 21.4987346993141, 21.542365299289685, 21.51292419433594, 21.51362800598145, 21.508130298679333, 21.54355621337891, 21.514107929294568, 21.51781200033949, 19.53567456029875], "6": [15.0, 19.055408900283776, 19.893321413468097, 20.540546994735028, 21.02209803018724, 21.29753361277702, 21.58885441355827, 21.7827448502556, 21.99774990611198, 22.008265937902085, 22.12334690623405, 22.183565717269207, 22.209768872786785, 22.210486035872723, 22.218118156530014, 22.289304222203842, 22.26888224039232, 22.17482808675612, 22.151980023909832, 22.125758613683335, 22.074164833165757, 22.115174736119858, 22.06393299632194, 22.17766431417311, 22.072442497350327, 22.129094566442124, 22.074374641515366, 22.16305981211784, 22.11275431070482, 22.136480842493423, 22.06883760843431, 22.02720318369987, 19.98393880165589], "7": [15.0, 18.864725871141236, 19.737626727462015, 20.368266260411893, 20.816109812047635, 21.199772183060446, 21.42407828962783, 21.61985698917166, 21.763029400467673, 21.892839733719626, 21.93384391462783, 22.014814678787985, 22.03987723982314, 22.104712641027128, 22.12351337650076, 22.100187603592673, 22.05995479800955, 22.01170269229666, 22.01447898542861, 21.95065418460623, 21.94224468448416, 21.924842035558378, 21.946604076981345, 21.941945230748807, 21.928355062219943, 21.920371210363065, 21.907673990514432, 21.97040397322158, 21.905161702844943, 21.946753656652128, 21.90997916853408, 21.91187125837783, 19.88244670737249], "8": [15.0, 18.278933852249953, 19.098221163033188, 19.721536298514664, 20.14492649983382, 20.50138630461818, 20.724459123124834, 20.91371197651839, 21.068615388383623, 21.176933717241045, 21.22105832051253, 21.294557233573258, 21.32026143025374, 21.3742432112596, 21.387695741166826, 21.378105592241045, 21.352348756303545, 21.29388089131331, 21.295343827714678, 21.238729905595537, 21.2268921334756, 21.20499386382228, 21.223203321219742, 21.23938984822249, 21.206237455130875, 21.214315843095537, 21.192469071855303, 21.260368685005844, 21.203361173392594, 21.234463166703936, 21.191819806815445, 21.186765332938492, 19.244353492985873], "9": [15.0, 18.023754633451173, 18.97752337504411, 19.63473362874007, 20.213858079423662, 20.53160519551253, 20.851258893729508, 21.06396717976546, 21.243414353837725, 21.27088398884749, 21.44938435149318, 21.503120851030108, 21.54563679289943, 21.54825444172835, 21.5842098708055, 21.634242673636734, 21.557235379935562, 21.476428647757828, 21.428771634818375, 21.423487138261553, 21.354546021928545, 21.449917268266436, 21.353992124320328, 21.40302510212874, 21.33343090605861, 21.407486299751938, 21.364487123002764, 21.347100873709977, 21.369369168998062, 21.39984364460921, 21.361116837968584, 21.36236233662581, 19.398878856230713]}