{"0": [16.37, 17.61012077331543, 18.46742820739746, 19.133319854736328, 19.60690689086914, 19.959638595581055, 20.237321853637695, 20.446622848510742, 20.612245559692383, 20.70685577392578, 20.781850814819336, 20.845218658447266, 20.905277252197266, 20.925830841064453, 20.950708389282227, 20.953210830688477, 20.85911750793457, 20.738666534423828, 20.711681365966797, 20.656208038330078, 20.629072189331055, 20.589214324951172, 20.60002326965332, 20.62603187561035, 20.58460235595703, 20.603925704956055, 20.57176971435547, 20.59862518310547, 20.58640480041504, 20.604522705078125, 20.570608139038086, 20.617097854614258, 20.64202308654785], "1": [16.6, 17.607940673828125, 18.37663459777832, 19.00997543334961, 19.412662506103516, 19.71072006225586, 19.96144676208496, 20.16128158569336, 20.351890563964844, 20.410619735717773, 20.451093673706055, 20.52326774597168, 20.565061569213867, 20.575429916381836, 20.586334228515625, 20.614248275756836, 20.549427032470703, 20.42211151123047, 20.41791343688965, 20.348352432250977, 20.31084442138672, 20.271236419677734, 20.281389236450195, 20.37999153137207, 20.290752410888672, 20.313264846801758, 20.256019592285156, 20.373153686523438, 20.299238204956055, 20.327625274658203, 20.26036834716797, 20.259153366088867, 20.339447021484375], "2": [15.33, 16.562591552734375, 17.330799102783203, 17.96402359008789, 18.36438751220703, 18.690195083618164, 18.939733505249023, 19.136762619018555, 19.309486389160156, 19.376333236694336, 19.43379020690918, 19.503400802612305, 19.542184829711914, 19.57211685180664, 19.572494506835938, 19.598560333251953, 19.528303146362305, 19.38970184326172, 19.38096046447754, 19.315969467163086, 19.28243064880371, 19.2600040435791, 19.25531768798828, 19.313617706298828, 19.24756622314453, 19.273582458496094, 19.225879669189453, 19.291223526000977, 19.26605987548828, 19.278728485107422, 19.22846221923828, 19.256155014038086, 19.306459426879883], "3": [14.49, 15.923348426818848, 16.95985984802246, 17.687929153442383, 18.33320426940918, 18.781206130981445, 19.150251388549805, 19.379148483276367, 19.470054626464844, 19.646780014038086, 19.820287704467773, 19.848730087280273, 19.951583862304688, 19.99005126953125, 20.057567596435547, 20.00164222717285, 19.843778610229492, 19.72879981994629, 19.64713478088379, 19.634296417236328, 19.6385555267334, 19.550966262817383, 19.558929443359375, 19.42797088623047, 19.505142211914062, 19.512619018554688, 19.5509090423584, 19.311046600341797, 19.476787567138672, 19.46588897705078, 19.548587799072266, 19.72565460205078, 19.564680099487305], "4": [18.72, 20.315383911132812, 21.270870208740234, 21.97694969177246, 22.487733840942383, 22.894882202148438, 23.17547035217285, 23.399356842041016, 23.57312774658203, 23.67506980895996, 23.74761199951172, 23.831375122070312, 23.87582015991211, 23.92363739013672, 23.931934356689453, 23.94088363647461, 23.832767486572266, 23.709243774414062, 23.68958854675293, 23.619613647460938, 23.584850311279297, 23.605140686035156, 23.608518600463867, 23.616451263427734, 23.58778190612793, 23.58235740661621, 23.557085037231445, 23.626245498657227, 23.574201583862305, 23.605411529541016, 23.54339027404785, 23.589744567871094, 23.64310073852539], "5": [18.74, 20.126073837280273, 21.087791442871094, 21.794824600219727, 22.320600509643555, 22.711721420288086, 23.00986099243164, 23.232316970825195, 23.4071044921875, 23.51109504699707, 23.588573455810547, 23.665857315063477, 23.72026252746582, 23.751432418823242, 23.773542404174805, 23.780803680419922, 23.670452117919922, 23.553752899169922, 23.52581787109375, 23.461301803588867, 23.432510375976562, 23.420671463012695, 23.43039321899414, 23.4497013092041, 23.42154884338379, 23.415910720825195, 23.39291763305664, 23.44696617126465, 23.399126052856445, 23.432172775268555, 23.387039184570312, 23.43076515197754, 23.467788696289062], "6": [17.55, 18.62067985534668, 19.30219078063965, 19.9078426361084, 20.206668853759766, 20.464698791503906, 20.675477981567383, 20.859458923339844, 21.094335556030273, 21.09708595275879, 21.090023040771484, 21.18962860107422, 21.193023681640625, 21.207191467285156, 21.175861358642578, 21.25996208190918, 21.232608795166016, 21.086769104003906, 21.113622665405273, 21.014463424682617, 20.963478088378906, 20.96706771850586, 20.957754135131836, 21.14622688293457, 21.00043296813965, 21.017667770385742, 20.92637062072754, 21.186939239501953, 21.02054786682129, 21.060659408569336, 20.93782615661621, 20.86373519897461, 21.03803253173828], "7": [19.68, 20.989702224731445, 21.96846580505371, 22.68097496032715, 23.208940505981445, 23.60708236694336, 23.899394989013672, 24.127330780029297, 24.306575775146484, 24.40883445739746, 24.479053497314453, 24.563810348510742, 24.60934829711914, 24.650657653808594, 24.66390037536621, 24.67459487915039, 24.565805435180664, 24.446199417114258, 24.42710304260254, 24.354171752929688, 24.32029151916504, 24.329463958740234, 24.337989807128906, 24.363019943237305, 24.329360961914062, 24.316665649414062, 24.291330337524414, 24.375411987304688, 24.303483963012695, 24.342863082885742, 24.28031349182129, 24.31959342956543, 24.373737335205078], "8": [17.3, 18.670915603637695, 19.50031280517578, 20.158878326416016, 20.588754653930664, 20.933176040649414, 21.185447692871094, 21.392578125, 21.5786190032959, 21.65044593811035, 21.698537826538086, 21.778553009033203, 21.81682777404785, 21.846357345581055, 21.850297927856445, 21.87384796142578, 21.794471740722656, 21.66610336303711, 21.659765243530273, 21.587669372558594, 21.54827308654785, 21.545263290405273, 21.54977798461914, 21.61248016357422, 21.54353904724121, 21.55695915222168, 21.50870132446289, 21.619300842285156, 21.549230575561523, 21.577898025512695, 21.50423240661621, 21.517698287963867, 21.599651336669922], "9": [18.31, 19.948951721191406, 20.88164520263672, 21.579879760742188, 22.07439422607422, 22.47532081604004, 22.749399185180664, 22.96955680847168, 23.144332885742188, 23.2413330078125, 23.310901641845703, 23.394432067871094, 23.437170028686523, 23.484182357788086, 23.48992347717285, 23.501758575439453, 23.397981643676758, 23.272354125976562, 23.25450325012207, 23.1845703125, 23.14902687072754, 23.16961097717285, 23.171070098876953, 23.183332443237305, 23.15016746520996, 23.148698806762695, 23.120027542114258, 23.192575454711914, 23.142107009887695, 23.171018600463867, 23.10746192932129, 23.150104522705078, 23.207841873168945]}