{"0": [18.89, 19.483442306518555, 20.363298416137695, 21.00567054748535, 21.511478424072266, 21.870895385742188, 22.127378463745117, 22.307525634765625, 22.45942497253418, 22.582340240478516, 22.673946380615234, 22.724071502685547, 22.754714965820312, 22.805307388305664, 22.835044860839844, 22.814241409301758, 22.841495513916016, 22.83038330078125, 22.810997009277344, 22.80144691467285, 22.805936813354492, 22.776966094970703, 22.801788330078125, 22.777517318725586, 22.769628524780273, 22.78695297241211, 22.796743392944336, 22.792537689208984, 22.780271530151367, 22.793256759643555, 22.783111572265625, 22.771268844604492, 22.781002044677734], "1": [19.42, 19.919513702392578, 20.795326232910156, 21.444747924804688, 21.942455291748047, 22.311983108520508, 22.563365936279297, 22.74290657043457, 22.893474578857422, 23.03032875061035, 23.10751724243164, 23.158283233642578, 23.18994903564453, 23.246553421020508, 23.272750854492188, 23.24437713623047, 23.278715133666992, 23.267534255981445, 23.2517032623291, 23.237728118896484, 23.2520694732666, 23.2050838470459, 23.24981689453125, 23.21595573425293, 23.216367721557617, 23.22174644470215, 23.2376766204834, 23.24190902709961, 23.222734451293945, 23.231664657592773, 23.222314834594727, 23.213701248168945, 23.22487449645996], "2": [15.92, 15.909562110900879, 16.659542083740234, 17.18612289428711, 17.53706169128418, 17.898284912109375, 18.04159164428711, 18.203384399414062, 18.30337142944336, 18.456937789916992, 18.465850830078125, 18.546552658081055, 18.547435760498047, 18.635587692260742, 18.66210174560547, 18.60474967956543, 18.628219604492188, 18.65569305419922, 18.685314178466797, 18.626909255981445, 18.638668060302734, 18.605484008789062, 18.628032684326172, 18.59880828857422, 18.60116195678711, 18.60271644592285, 18.595558166503906, 18.639554977416992, 18.580202102661133, 18.630571365356445, 18.619787216186523, 18.576152801513672, 18.628807067871094], "3": [19.86, 20.41597557067871, 21.34021759033203, 22.01760482788086, 22.580251693725586, 22.930238723754883, 23.228784561157227, 23.41718864440918, 23.58645248413086, 23.692073822021484, 23.819538116455078, 23.857751846313477, 23.89958381652832, 23.932214736938477, 23.963970184326172, 23.96159553527832, 23.986234664916992, 23.960180282592773, 23.923446655273438, 23.93185043334961, 23.930509567260742, 23.911617279052734, 23.926742553710938, 23.90970802307129, 23.893613815307617, 23.921422958374023, 23.93198013305664, 23.909494400024414, 23.918962478637695, 23.919713973999023, 23.910646438598633, 23.905691146850586, 23.900278091430664], "4": [17.29, 17.922142028808594, 18.833293914794922, 19.463010787963867, 20.02024269104004, 20.331472396850586, 20.62672996520996, 20.81879234313965, 20.980995178222656, 21.033401489257812, 21.201900482177734, 21.243335723876953, 21.272823333740234, 21.295759201049805, 21.33411407470703, 21.360483169555664, 21.3526611328125, 21.336830139160156, 21.298158645629883, 21.30778694152832, 21.27202033996582, 21.326900482177734, 21.255104064941406, 21.279998779296875, 21.232542037963867, 21.304964065551758, 21.285747528076172, 21.240140914916992, 21.265024185180664, 21.293460845947266, 21.279268264770508, 21.25914192199707, 21.25710105895996], "5": [16.02, 16.385700225830078, 17.28410530090332, 17.87801170349121, 18.431304931640625, 18.716838836669922, 19.00551414489746, 19.196598052978516, 19.352453231811523, 19.38274574279785, 19.56850242614746, 19.612112045288086, 19.63928985595703, 19.64862823486328, 19.697010040283203, 19.732812881469727, 19.71099281311035, 19.697736740112305, 19.658428192138672, 19.673303604125977, 19.616716384887695, 19.70768165588379, 19.59770965576172, 19.639869689941406, 19.575916290283203, 19.66881561279297, 19.63292694091797, 19.580286026000977, 19.617130279541016, 19.654935836791992, 19.641172409057617, 19.604854583740234, 19.606609344482422], "6": [18.59, 19.490144729614258, 20.484458923339844, 21.17324447631836, 21.837520599365234, 22.130361557006836, 22.50222396850586, 22.706024169921875, 22.90115737915039, 22.9194393157959, 23.15666389465332, 23.1774959564209, 23.22650718688965, 23.213773727416992, 23.26036834716797, 23.318639755249023, 23.30514907836914, 23.262893676757812, 23.190330505371094, 23.23704719543457, 23.184844970703125, 23.263275146484375, 23.17010498046875, 23.209108352661133, 23.144445419311523, 23.240514755249023, 23.22237205505371, 23.13917350769043, 23.204954147338867, 23.212308883666992, 23.19984245300293, 23.190664291381836, 23.160802841186523], "7": [16.58, 16.739755630493164, 17.506793975830078, 18.055551528930664, 18.42327308654785, 18.792455673217773, 18.948755264282227, 19.112377166748047, 19.2194766998291, 19.37683868408203, 19.388628005981445, 19.46581268310547, 19.470399856567383, 19.558761596679688, 19.583120346069336, 19.525774002075195, 19.55409812927246, 19.577199935913086, 19.601848602294922, 19.547130584716797, 19.564191818237305, 19.520214080810547, 19.555212020874023, 19.520864486694336, 19.527355194091797, 19.524070739746094, 19.524011611938477, 19.56538963317871, 19.506845474243164, 19.55063819885254, 19.53963851928711, 19.50414276123047, 19.55150032043457], "8": [17.55, 17.8869571685791, 18.696134567260742, 19.284189224243164, 19.701093673706055, 20.069591522216797, 20.263465881347656, 20.43484115600586, 20.55860710144043, 20.70341682434082, 20.743574142456055, 20.810556411743164, 20.82369041442871, 20.902124404907227, 20.92508888244629, 20.88235855102539, 20.910221099853516, 20.921653747558594, 20.930917739868164, 20.889785766601562, 20.905506134033203, 20.86471939086914, 20.896623611450195, 20.866294860839844, 20.86893081665039, 20.871667861938477, 20.876232147216797, 20.90144157409668, 20.857486724853516, 20.891023635864258, 20.87940216064453, 20.85582733154297, 20.889123916625977], "9": [15.59, 16.098562240600586, 17.073406219482422, 17.68958282470703, 18.353317260742188, 18.5878849029541, 18.953113555908203, 19.15837287902832, 19.342491149902344, 19.300430297851562, 19.587862014770508, 19.611804962158203, 19.654098510742188, 19.612321853637695, 19.678491592407227, 19.766721725463867, 19.71648406982422, 19.680498123168945, 19.60303497314453, 19.662399291992188, 19.560060501098633, 19.7302188873291, 19.536909103393555, 19.622713088989258, 19.51668930053711, 19.666278839111328, 19.60894203186035, 19.50162124633789, 19.59662628173828, 19.628664016723633, 19.61476707458496, 19.574615478515625, 19.55023956298828]}