{"0": {"0": 0.14909791946411133, "1": 0.09527230262756348, "2": 0.10733819007873535, "3": 0.08207893371582031, "4": 0.029135942459106445, "5": 0.028867006301879883, "6": 0.042052268981933594, "7": 0.07356810569763184, "8": 0.07074713706970215, "9": 0.025044918060302734, "10": 0.0701911449432373, "11": 0.025742053985595703, "12": 0.06312990188598633, "13": 0.051749229431152344, "14": 0.024281740188598633, "15": 0.020283937454223633, "16": 0.04347705841064453, "17": 0.052899837493896484, "18": 0.020797252655029297, "19": 0.020394086837768555, "20": 0.01900506019592285, "21": 0.01838994026184082, "22": 0.0189359188079834, "23": 0.017868995666503906, "24": 0.01929783821105957, "25": 0.01635599136352539, "26": 0.01563715934753418, "27": 0.014912843704223633, "28": 0.015342950820922852, "29": 0.01398921012878418, "30": 0.05992698669433594, "31": 0.0013308525085449219}, "1": {"0": 0.032765865325927734, "1": 0.12350201606750488, "2": 0.11188507080078125, "3": 0.0832071304321289, "4": 0.11438322067260742, "5": 0.09123992919921875, "6": 0.09877610206604004, "7": 0.027888774871826172, "8": 0.06682586669921875, "9": 0.03975105285644531, "10": 0.037821054458618164, "11": 0.024344921112060547, "12": 0.023621082305908203, "13": 0.024946928024291992, "14": 0.021651268005371094, "15": 0.02446889877319336, "16": 0.022800922393798828, "17": 0.047163963317871094, "18": 0.021331787109375, "19": 0.020628929138183594, "20": 0.01953411102294922, "21": 0.021812915802001953, "22": 0.035987138748168945, "23": 0.01836705207824707, "24": 0.017711162567138672, "25": 0.03914308547973633, "26": 0.03198695182800293, "27": 0.029983997344970703, "28": 0.010920286178588867, "29": 0.010500192642211914, "30": 0.02169203758239746, "31": 0.001188039779663086}, "2": {"0": 0.03141617774963379, "1": 0.09146976470947266, "2": 0.09576988220214844, "3": 0.05132579803466797, "4": 0.05181002616882324, "5": 0.04210090637207031, "6": 0.04005908966064453, "7": 0.03501701354980469, "8": 0.0451359748840332, "9": 0.03878521919250488, "10": 0.03172039985656738, "11": 0.03628897666931152, "12": 0.02953171730041504, "13": 0.03673386573791504, "14": 0.02583003044128418, "15": 0.029864072799682617, "16": 0.0326380729675293, "17": 0.024290800094604492, "18": 0.02252817153930664, "19": 0.020087003707885742, "20": 0.04237008094787598, "21": 0.01984095573425293, "22": 0.019810199737548828, "23": 0.04308724403381348, "24": 0.018344879150390625, "25": 0.018485069274902344, "26": 0.020434141159057617, "27": 0.02981114387512207, "28": 0.010537862777709961, "29": 0.015555858612060547, "30": 0.01346898078918457, "31": 0.001219034194946289}, "3": {"0": 0.13752222061157227, "1": 0.09816598892211914, "2": 0.11352992057800293, "3": 0.07820868492126465, "4": 0.048371076583862305, "5": 0.11330509185791016, "6": 0.028007984161376953, "7": 0.04327106475830078, "8": 0.07494974136352539, "9": 0.026540040969848633, "10": 0.02372002601623535, "11": 0.025819063186645508, "12": 0.02504587173461914, "13": 0.02179098129272461, "14": 0.024810075759887695, "15": 0.024425029754638672, "16": 0.03448081016540527, "17": 0.04675936698913574, "18": 0.02336287498474121, "19": 0.0520777702331543, "20": 0.01768183708190918, "21": 0.042159080505371094, "22": 0.04449796676635742, "23": 0.0187530517578125, "24": 0.026457786560058594, "25": 0.018431901931762695, "26": 0.03830885887145996, "27": 0.0169069766998291, "28": 0.010574102401733398, "29": 0.014768123626708984, "30": 0.014523029327392578, "31": 0.0012028217315673828}, "4": {"0": 0.10460424423217773, "1": 0.10166192054748535, "2": 0.060038089752197266, "3": 0.06565189361572266, "4": 0.0745229721069336, "5": 0.11066532135009766, "6": 0.09171509742736816, "7": 0.07594108581542969, "8": 0.026114940643310547, "9": 0.023894786834716797, "10": 0.02543473243713379, "11": 0.022655963897705078, "12": 0.027344703674316406, "13": 0.02079916000366211, "14": 0.023718833923339844, "15": 0.049922943115234375, "16": 0.06594204902648926, "17": 0.023233890533447266, "18": 0.021661996841430664, "19": 0.02073073387145996, "20": 0.02091383934020996, "21": 0.01901412010192871, "22": 0.027669906616210938, "23": 0.017900943756103516, "24": 0.034338951110839844, "25": 0.016900300979614258, "26": 0.01632213592529297, "27": 0.015877962112426758, "28": 0.01032710075378418, "29": 0.009803056716918945, "30": 0.02975916862487793, "31": 0.0012030601501464844}, "5": {"0": 0.09670400619506836, "1": 0.06765317916870117, "2": 0.08696103096008301, "3": 0.08502197265625, "4": 0.029629945755004883, "5": 0.07417535781860352, "6": 0.06317830085754395, "7": 0.06700682640075684, "8": 0.07075309753417969, "9": 0.0313420295715332, "10": 0.07305598258972168, "11": 0.036715030670166016, "12": 0.0382230281829834, "13": 0.0370488166809082, "14": 0.06362605094909668, "15": 0.023563146591186523, "16": 0.021603107452392578, "17": 0.04909992218017578, "18": 0.024248123168945312, "19": 0.02103400230407715, "20": 0.01973700523376465, "21": 0.019628047943115234, "22": 0.01919269561767578, "23": 0.03005814552307129, "24": 0.03727293014526367, "25": 0.018541812896728516, "26": 0.03122401237487793, "27": 0.015993118286132812, "28": 0.010538816452026367, "29": 0.015031099319458008, "30": 0.034626007080078125, "31": 0.0012018680572509766}, "6": {"0": 0.09815335273742676, "1": 0.033715009689331055, "2": 0.08569979667663574, "3": 0.077606201171875, "4": 0.10603189468383789, "5": 0.11736583709716797, "6": 0.027962923049926758, "7": 0.08266592025756836, "8": 0.0714879035949707, "9": 0.02831888198852539, "10": 0.025555849075317383, "11": 0.028831958770751953, "12": 0.021996736526489258, "13": 0.027662992477416992, "14": 0.05114006996154785, "15": 0.024768590927124023, "16": 0.02390599250793457, "17": 0.059216976165771484, "18": 0.023252010345458984, "19": 0.020776748657226562, "20": 0.021772146224975586, "21": 0.01928997039794922, "22": 0.01865410804748535, "23": 0.017943143844604492, "24": 0.03910684585571289, "25": 0.01658487319946289, "26": 0.037737131118774414, "27": 0.030652761459350586, "28": 0.016587018966674805, "29": 0.015944957733154297, "30": 0.031183242797851562, "31": 0.001216888427734375}, "7": {"0": 0.03469514846801758, "1": 0.10869503021240234, "2": 0.11689209938049316, "3": 0.09526801109313965, "4": 0.04751777648925781, "5": 0.028202056884765625, "6": 0.06731390953063965, "7": 0.04082512855529785, "8": 0.08115792274475098, "9": 0.02725505828857422, "10": 0.06927204132080078, "11": 0.022592782974243164, "12": 0.040923118591308594, "13": 0.023649215698242188, "14": 0.026165008544921875, "15": 0.024367809295654297, "16": 0.023679018020629883, "17": 0.023422956466674805, "18": 0.034268856048583984, "19": 0.023307085037231445, "20": 0.04532480239868164, "21": 0.019464969635009766, "22": 0.018392086029052734, "23": 0.04371786117553711, "24": 0.017335176467895508, "25": 0.0180509090423584, "26": 0.01704096794128418, "27": 0.0161440372467041, "28": 0.020479917526245117, "29": 0.010505914688110352, "30": 0.019465208053588867, "31": 0.0011970996856689453}, "8": {"0": 0.12358713150024414, "1": 0.11769270896911621, "2": 0.11304020881652832, "3": 0.10007405281066895, "4": 0.06618118286132812, "5": 0.028956890106201172, "6": 0.028657913208007812, "7": 0.09449028968811035, "8": 0.028342008590698242, "9": 0.025539159774780273, "10": 0.02637481689453125, "11": 0.06785273551940918, "12": 0.022990703582763672, "13": 0.023154020309448242, "14": 0.06549191474914551, "15": 0.02309393882751465, "16": 0.023402929306030273, "17": 0.023385047912597656, "18": 0.025017261505126953, "19": 0.03813672065734863, "20": 0.020679712295532227, "21": 0.02056598663330078, "22": 0.019073963165283203, "23": 0.03183603286743164, "24": 0.036718130111694336, "25": 0.03057098388671875, "26": 0.016988039016723633, "27": 0.025595903396606445, "28": 0.016849756240844727, "29": 0.01495504379272461, "30": 0.013527154922485352, "31": 0.0011997222900390625}, "9": {"0": 0.12448000907897949, "1": 0.09954190254211426, "2": 0.10418200492858887, "3": 0.1088109016418457,