{"0": 0.0880582332611084, "1": 0.07757210731506348, "2": 0.07787799835205078, "3": 0.08436989784240723, "4": 0.06631231307983398, "5": 0.0893409252166748, "6": 0.07478499412536621, "7": 0.08739209175109863, "8": 0.11033797264099121, "9": 0.09086489677429199}