{"0": [[1.0, 0.0, 1.0, 0.0], [1.0112700916946247, 0.022540183389249346, 1.1378900418255191, 0.27578008365103823], [1.0534053470232454, 0.061730327267992186, 1.5198312109275516, 0.4881022545530267], [1.1435006916521868, 0.11846036198989052, 2.085530438645312, 0.6432962008824948], [1.2999999999992724, 0.19453825470428082, 2.780441501796139, 0.7465259254191595], [1.5338884620364832, 0.2732386693701408, 3.554035682241051, 0.8006624354706644], [1.839283638725241, 0.33755168400737473, 4.358135138059129, 0.8075364761654911], [2.202824698125114, 0.38953043479237126, 5.145541526423838, 0.7672763005639276], [2.61304186473531, 0.430903898428021, 5.868559721379639, 0.6787600893476735], [3.059860246667807, 0.4627328654369724, 6.477625314088073, 0.5393710960691939], [3.5343277984526207, 0.4862022381326551, 6.919578620359477, 0.34453551647361497], [4.02840006393007, 0.5019422928222433, 7.136183671991789, 0.08867458679100887], [4.5346222113468055, 0.5105020020112282, 7.062499349120117, -0.23604323253435353], [5.04593750345505, 0.5121285822052608, 6.66722220025677, -0.5545110651923401], [5.555349358642579, 0.5066951281697951, 5.994234581623775, -0.7914641720736492], [6.055779767598558, 0.4941656897421643, 5.121266316320045, -0.9544723585338111], [6.539929467046975, 0.47413370915466935, 4.119741412165887, -1.0485774497745046], [7.0, 0.44600735675138087, 3.057332813297587, -1.0762397479620955], [7.433222353429612, 0.4204373501078416, 2.0, -1.0384258786330787], [7.847323407024092, 0.4077647570811195, 0.9861652202245207, -0.9892436809178801], [8.2551339404724, 0.4078563098154945, 0.0, -0.9830867595311613]], "1": [[1.0, 0.0, 1.0, 0.0], [1.0112700916946247, 0.022540183389249346, 1.1378900418255191, 0.27578008365103823], [1.0534053470232454, 0.061730327267992186, 1.5198312109275516, 0.4881022545530267], [1.1435006916521868, 0.11846036198989052, 2.085530438645312, 0.6432962008824948], [1.2999999999992724, 0.19453825470428082, 2.780441501796139, 0.7465259254191595], [1.5338884620364832, 0.2732386693701408, 3.554035682241051, 0.8006624354706644], [1.839283638725241, 0.33755168400737473, 4.358135138059129, 0.8075364761654911], [2.202824698125114, 0.38953043479237126, 5.145541526423838, 0.7672763005639276], [2.61304186473531, 0.430903898428021, 5.868559721379639, 0.6787600893476735], [3.059860246667807, 0.4627328654369724, 6.477625314088073, 0.5393710960691939], [3.5343277984526207, 0.4862022381326551, 6.919578620359477, 0.34453551647361497], [4.02840006393007, 0.5019422928222433, 7.136183671991789, 0.08867458679100887], [4.5346222113468055, 0.5105020020112282, 7.062499349120117, -0.23604323253435353], [5.04593750345505, 0.5121285822052608, 6.66722220025677, -0.5545110651923401], [5.555349358642579, 0.5066951281697951, 5.994234581623775, -0.7914641720736492], [6.055779767598558, 0.4941656897421643, 5.121266316320045, -0.9544723585338111], [6.539929467046975, 0.47413370915466935, 4.119741412165887, -1.0485774497745046], [7.0, 0.44600735675138087, 3.057332813297587, -1.0762397479620955], [7.433222353429612, 0.4204373501078416, 2.0, -1.0384258786330787], [7.847323407024092, 0.4077647570811195, 0.9861652202245207, -0.9892436809178801], [8.2551339404724, 0.4078563098154945, 0.0, -0.9830867595311613]], "2": [[1.0, 0.0, 1.0, 0.0], [1.0112700916946247, 0.022540183389249346, 1.1378900418255191, 0.27578008365103823], [1.0534053470232454, 0.061730327267992186, 1.5198312109275516, 0.4881022545530267], [1.1435006916521868, 0.11846036198989052, 2.085530438645312, 0.6432962008824948], [1.2999999999992724, 0.19453825470428082, 2.780441501796139, 0.7465259254191595], [1.5338884620364832, 0.2732386693701408, 3.554035682241051, 0.8006624354706644], [1.839283638725241, 0.33755168400737473, 4.358135138059129, 0.8075364761654911], [2.202824698125114, 0.38953043479237126, 5.145541526423838, 0.7672763005639276], [2.61304186473531, 0.430903898428021, 5.868559721379639, 0.6787600893476735], [3.059860246667807, 0.4627328654369724, 6.477625314088073, 0.5393710960691939], [3.5343277984526207, 0.4862022381326551, 6.919578620359477, 0.34453551647361497], [4.02840006393007, 0.5019422928222433, 7.136183671991789, 0.08867458679100887], [4.5346222113468055, 0.5105020020112282, 7.062499349120117, -0.23604323253435353], [5.04593750345505, 0.5121285822052608, 6.66722220025677, -0.5545110651923401], [5.555349358642579, 0.5066951281697951, 5.994234581623775, -0.7914641720736492], [6.055779767598558, 0.4941656897421643, 5.121266316320045, -0.9544723585338111], [6.539929467046975, 0.47413370915466935, 4.119741412165887, -1.0485774497745046], [7.0, 0.44600735675138087, 3.057332813297587, -1.0762397479620955], [7.433222353429612, 0.4204373501078416, 2.0, -1.0384258786330787], [7.847323407024092, 0.4077647570811195, 0.9861652202245207, -0.9892436809178801], [8.2551339404724, 0.4078563098154945, 0.0, -0.9830867595311613]], "3": [[1.0, 0.0, 1.0, 0.0], [1.0112700916946247, 0.022540183389249346, 1.1378900418255191, 0.27578008365103823], [1.0534053470232454, 0.061730327267992186, 1.5198312109275516, 0.4881022545530267], [1.1435006916521868, 0.11846036198989052, 2.085530438645312, 0.6432962008824948], [1.2999999999992724, 0.19453825470428082, 2.780441501796139, 0.7465259254191595], [1.5338884620364832, 0.2732386693701408, 3.554035682241051, 0.8006624354706644], [1.839283638725241, 0.33755168400737473, 4.358135138059129, 0.8075364761654911], [2.202824698125114, 0.38953043479237126, 5.145541526423838, 0.7672763005639276], [2.61304186473531, 0.430903898428021, 5.868559721379639, 0.6787600893476735], [3.059860246667807, 0.4627328654369724, 6.477625314088073, 0.5393710960691939], [3.5343277984526207, 0.4862022381326551, 6.919578620359477, 0.34453551647361497], [4.02840006393007, 0.5019422928222433, 7.136183671991789, 0.08867458679100887], [4.5346222113468055, 0.5105020020112282, 7.062499349120117, -0.23604323253435353], [5.04593750345505, 0.5121285822052608, 6.66722220025677, -0.5545110651923401], [5.555349358642579, 0.5066951281697951, 5.994234581623775, -0.7914641720736492], [6.055779767598558, 0.4941656897421643, 5.121266316320045, -0.9544723585338111], [6.539929467046975, 0.47413370915466935, 4.119741412165887, -1.0485774497745046], [7.0, 0.44600735675138087, 3.057332813297587, -1.0762397479620955], [7.433222353429612, 0.4204373501078416, 2.0, -1.0384258786330787], [7.847323407024092, 0.4077647570811195, 0.9861652202245207, -0.9892436809178801], [8.2551339404724, 0.4078563098154945, 0.0, -0.9830867595311613]],