{"0": [[1.0, 0.0, 1.0, 0.0], [1.0113139085573708, 0.0226278171147416, 1.137937438502739, 0.27587487700547797], [1.0534759174422152, 0.06169620065494785, 1.519954972452874, 0.48816019089479123], [1.1435516776140697, 0.11845531968876144, 2.0857244639153154, 0.6433787920300917], [1.2999999999999972, 0.19444132508309336, 2.780616380215723, 0.7464050405707232], [1.533764671119988, 0.2730880171568881, 3.5540948645952652, 0.8005519281883609], [1.8390945750721284, 0.33757179074739274, 4.358116024242073, 0.8074903911052554], [2.202646812957109, 0.3895326850225678, 5.145535712709487, 0.7673489858295723], [2.6128026954703216, 0.4307790800038582, 5.868632606813488, 0.6788448023784321], [3.0595207890996727, 0.4626571072548439, 6.477725314087962, 0.5393406121705167], [3.53399479475491, 0.4862909040556308, 6.919649485397763, 0.34450773044908356], [4.028133910461953, 0.5019873273584559, 7.136264064056357, 0.08872142686810802], [4.53431773212526, 0.5103803159681564, 7.062599349120205, -0.23605085674041237], [5.045526591321666, 0.5120374024246572, 6.667255684470119, -0.5546364725597607], [5.554905466474842, 0.5067203478816941, 5.994072991203727, -0.7917289139730221], [6.055401833419256, 0.4942723860071353, 5.120902018838643, -0.9546130307571471], [6.53970761103862, 0.4743391692315918, 4.119432643409011, -1.048325720102115], [7.0, 0.44624560869116814, 3.057199076825519, -1.0761414130648719], [7.433453387680051, 0.42066116666893427, 2.0, -1.0382567405861662], [7.847765887779052, 0.4079638335290676, 0.9862335126317542, -0.9892762341503257], [8.255680331503727, 0.40786505392028427, 8.977193988179977e-17, -0.9831907911131824]], "1": [[1.0, 0.0, 1.0, 0.0], [1.0113139085573708, 0.0226278171147416, 1.137937438502739, 0.27587487700547797], [1.0534759174422152, 0.06169620065494785, 1.519954972452874, 0.48816019089479123], [1.1435516776140697, 0.11845531968876144, 2.0857244639153154, 0.6433787920300917], [1.2999999999999972, 0.19444132508309336, 2.780616380215723, 0.7464050405707232], [1.533764671119988, 0.2730880171568881, 3.5540948645952652, 0.8005519281883609], [1.8390945750721284, 0.33757179074739274, 4.358116024242073, 0.8074903911052554], [2.202646812957109, 0.3895326850225678, 5.145535712709487, 0.7673489858295723], [2.6128026954703216, 0.4307790800038582, 5.868632606813488, 0.6788448023784321], [3.0595207890996727, 0.4626571072548439, 6.477725314087962, 0.5393406121705167], [3.53399479475491, 0.4862909040556308, 6.919649485397763, 0.34450773044908356], [4.028133910461953, 0.5019873273584559, 7.136264064056357, 0.08872142686810802], [4.53431773212526, 0.5103803159681564, 7.062599349120205, -0.23605085674041237], [5.045526591321666, 0.5120374024246572, 6.667255684470119, -0.5546364725597607], [5.554905466474842, 0.5067203478816941, 5.994072991203727, -0.7917289139730221], [6.055401833419256, 0.4942723860071353, 5.120902018838643, -0.9546130307571471], [6.53970761103862, 0.4743391692315918, 4.119432643409011, -1.048325720102115], [7.0, 0.44624560869116814, 3.057199076825519, -1.0761414130648719], [7.433453387680051, 0.42066116666893427, 2.0, -1.0382567405861662], [7.847765887779052, 0.4079638335290676, 0.9862335126317542, -0.9892762341503257], [8.255680331503727, 0.40786505392028427, 8.977193988179977e-17, -0.9831907911131824]], "2": [[1.0, 0.0, 1.0, 0.0], [1.0113139085573708, 0.0226278171147416, 1.137937438502739, 0.27587487700547797], [1.0534759174422152, 0.06169620065494785, 1.519954972452874, 0.48816019089479123], [1.1435516776140697, 0.11845531968876144, 2.0857244639153154, 0.6433787920300917], [1.2999999999999972, 0.19444132508309336, 2.780616380215723, 0.7464050405707232], [1.533764671119988, 0.2730880171568881, 3.5540948645952652, 0.8005519281883609], [1.8390945750721284, 0.33757179074739274, 4.358116024242073, 0.8074903911052554], [2.202646812957109, 0.3895326850225678, 5.145535712709487, 0.7673489858295723], [2.6128026954703216, 0.4307790800038582, 5.868632606813488, 0.6788448023784321], [3.0595207890996727, 0.4626571072548439, 6.477725314087962, 0.5393406121705167], [3.53399479475491, 0.4862909040556308, 6.919649485397763, 0.34450773044908356], [4.028133910461953, 0.5019873273584559, 7.136264064056357, 0.08872142686810802], [4.53431773212526, 0.5103803159681564, 7.062599349120205, -0.23605085674041237], [5.045526591321666, 0.5120374024246572, 6.667255684470119, -0.5546364725597607], [5.554905466474842, 0.5067203478816941, 5.994072991203727, -0.7917289139730221], [6.055401833419256, 0.4942723860071353, 5.120902018838643, -0.9546130307571471], [6.53970761103862, 0.4743391692315918, 4.119432643409011, -1.048325720102115], [7.0, 0.44624560869116814, 3.057199076825519, -1.0761414130648719], [7.433453387680051, 0.42066116666893427, 2.0, -1.0382567405861662], [7.847765887779052, 0.4079638335290676, 0.9862335126317542, -0.9892762341503257], [8.255680331503727, 0.40786505392028427, 8.977193988179977e-17, -0.9831907911131824]], "3": [[1.0, 0.0, 1.0, 0.0], [1.0113139085573708, 0.0226278171147416, 1.137937438502739, 0.27587487700547797], [1.0534759174422152, 0.06169620065494785, 1.519954972452874, 0.48816019089479123], [1.1435516776140697, 0.11845531968876144, 2.0857244639153154, 0.6433787920300917], [1.2999999999999972, 0.19444132508309336, 2.780616380215723, 0.7464050405707232], [1.533764671119988, 0.2730880171568881, 3.5540948645952652, 0.8005519281883609], [1.8390945750721284, 0.33757179074739274, 4.358116024242073, 0.8074903911052554], [2.202646812957109, 0.3895326850225678, 5.145535712709487, 0.7673489858295723], [2.6128026954703216, 0.4307790800038582, 5.868632606813488, 0.6788448023784321], [3.0595207890996727, 0.4626571072548439, 6.477725314087962, 0.5393406121705167], [3.53399479475491, 0.4862909040556308, 6.919649485397763, 0.34450773044908356], [4.028133910461953, 0.5019873273584559, 7.136264064056357, 0.08872142686810802], [4.53431773212526, 0.5103803159681564, 7.062599349120205, -0.23605085674041237], [5.045526591321666, 0.5120374024246572, 6.667255684470119, -0.5546364725597607], [5.554905466474842, 0.5067203478816941, 5.994072991203727, -0.7917289139730221], [6.055401833419256, 0.4942723860071353, 5.120902018838643, -0.9546130307571471], [6.53970761103862, 0.4743391692315918, 4.119432643409011, -1.048325720102115], [7.0, 0.44624560869116814, 3.057199076825519, -1.0761414130648719], [7.433453387680051, 0.42066116666893427, 2.0, -1.0382567405861662], [7.847765887779052, 0.4079638335290676, 0.9862335126317542, -0.9892762341503257], [8.255680331503727, 0.40786505392028427, 8.977193988179977e-17, -0.9831907911131824]],