{"0": [[0.5, 1], [0.560828447341919, 1.313032865524292], [0.6932969689369202, 2.099569797515869], [0.938818097114563, 3.1479744911193848], [1.116610050201416, 4.176092147827148], [1.4649673700332642, 5.117870807647705], [1.8430922031402588, 5.825706481933594], [2.3168039321899414, 6.63198184967041], [2.9595541954040527, 7.491401195526123], [3.6329503059387207, 8.13221549987793], [4.328155040740967, 8.508512496948242], [4.947986125946045, 8.650696754455566], [5.567742824554443, 8.607357025146484], [6.077304363250732, 8.09559440612793], [6.601573944091797, 7.074085235595703], [7.135585308074951, 5.7300896644592285], [7.698089122772217, 4.244554042816162], [8.212430953979492, 2.82303786277771], [8.58630084991455, 1.8512660264968872], [8.786874771118164, 1.3211634159088135], [8.907249450683594, 0.9412819743156433]], "1": [[0.5, 1], [0.560828447341919, 1.313032865524292], [0.6932969689369202, 2.099569797515869], [0.938818097114563, 3.1479744911193848], [1.116610050201416, 4.176092147827148], [1.4649673700332642, 5.117870807647705], [1.8430922031402588, 5.825706481933594], [2.3168039321899414, 6.63198184967041], [2.9595541954040527, 7.491401195526123], [3.6329503059387207, 8.13221549987793], [4.328155040740967, 8.508512496948242], [4.947986125946045, 8.650696754455566], [5.567742824554443, 8.607357025146484], [6.077304363250732, 8.09559440612793], [6.601573944091797, 7.074085235595703], [7.135585308074951, 5.7300896644592285], [7.698089122772217, 4.244554042816162], [8.212430953979492, 2.82303786277771], [8.58630084991455, 1.8512660264968872], [8.786874771118164, 1.3211634159088135], [8.907249450683594, 0.9412819743156433]], "2": [[0.5, 1], [0.560828447341919, 1.313032865524292], [0.6932969689369202, 2.099569797515869], [0.938818097114563, 3.1479744911193848], [1.116610050201416, 4.176092147827148], [1.4649673700332642, 5.117870807647705], [1.8430922031402588, 5.825706481933594], [2.3168039321899414, 6.63198184967041], [2.9595541954040527, 7.491401195526123], [3.6329503059387207, 8.13221549987793], [4.328155040740967, 8.508512496948242], [4.947986125946045, 8.650696754455566], [5.567742824554443, 8.607357025146484], [6.077304363250732, 8.09559440612793], [6.601573944091797, 7.074085235595703], [7.135585308074951, 5.7300896644592285], [7.698089122772217, 4.244554042816162], [8.212430953979492, 2.82303786277771], [8.58630084991455, 1.8512660264968872], [8.786874771118164, 1.3211634159088135], [8.907249450683594, 0.9412819743156433]], "3": [[0.5, 1], [0.560828447341919, 1.313032865524292], [0.6932969689369202, 2.099569797515869], [0.938818097114563, 3.1479744911193848], [1.116610050201416, 4.176092147827148], [1.4649673700332642, 5.117870807647705], [1.8430922031402588, 5.825706481933594], [2.3168039321899414, 6.63198184967041], [2.9595541954040527, 7.491401195526123], [3.6329503059387207, 8.13221549987793], [4.328155040740967, 8.508512496948242], [4.947986125946045, 8.650696754455566], [5.567742824554443, 8.607357025146484], [6.077304363250732, 8.09559440612793], [6.601573944091797, 7.074085235595703], [7.135585308074951, 5.7300896644592285], [7.698089122772217, 4.244554042816162], [8.212430953979492, 2.82303786277771], [8.58630084991455, 1.8512660264968872], [8.786874771118164, 1.3211634159088135], [8.907249450683594, 0.9412819743156433]], "4": [[0.5, 1], [0.560828447341919, 1.313032865524292], [0.6932969689369202, 2.099569797515869], [0.938818097114563, 3.1479744911193848], [1.116610050201416, 4.176092147827148], [1.4649673700332642, 5.117870807647705], [1.8430922031402588, 5.825706481933594], [2.3168039321899414, 6.63198184967041], [2.9595541954040527, 7.491401195526123], [3.6329503059387207, 8.13221549987793], [4.328155040740967, 8.508512496948242], [4.947986125946045, 8.650696754455566], [5.567742824554443, 8.607357025146484], [6.077304363250732, 8.09559440612793], [6.601573944091797, 7.074085235595703], [7.135585308074951, 5.7300896644592285], [7.698089122772217, 4.244554042816162], [8.212430953979492, 2.82303786277771], [8.58630084991455, 1.8512660264968872], [8.786874771118164, 1.3211634159088135], [8.907249450683594, 0.9412819743156433]], "5": [[0.5, 1], [0.560828447341919, 1.313032865524292], [0.6932969689369202, 2.099569797515869], [0.938818097114563, 3.1479744911193848], [1.116610050201416, 4.176092147827148], [1.4649673700332642, 5.117870807647705], [1.8430922031402588, 5.825706481933594], [2.3168039321899414, 6.63198184967041], [2.9595541954040527, 7.491401195526123], [3.6329503059387207, 8.13221549987793], [4.328155040740967, 8.508512496948242], [4.947986125946045, 8.650696754455566], [5.567742824554443, 8.607357025146484], [6.077304363250732, 8.09559440612793], [6.601573944091797, 7.074085235595703], [7.135585308074951, 5.7300896644592285], [7.698089122772217, 4.244554042816162], [8.212430953979492, 2.82303786277771], [8.58630084991455, 1.8512660264968872], [8.786874771118164, 1.3211634159088135], [8.907249450683594, 0.9412819743156433]], "6": [[0.5, 1], [0.560828447341919, 1.313032865524292], [0.6932969689369202, 2.099569797515869], [0.938818097114563, 3.1479744911193848], [1.116610050201416, 4.176092147827148], [1.4649673700332642, 5.117870807647705], [1.8430922031402588, 5.825706481933594], [2.3168039321899414, 6.63198184967041], [2.9595541954040527, 7.491401195526123], [3.6329503059387207, 8.13221549987793], [4.328155040740967, 8.508512496948242], [4.947986125946045, 8.650696754455566], [5.567742824554443, 8.607357025146484], [6.077304363250732, 8.09559440612793], [6.601573944091797, 7.074085235595703], [7.135585308074951, 5.7300896644592285], [7.698089122772217, 4.244554042816162], [8.212430953979492, 2.82303786277771], [8.58630084991455, 1.8512660264968872], [8.786874771118164, 1.3211634159088135], [8.907249450683594, 0.9412819743156433]], "7": [[0.5, 1], [0.560828447341919, 1.313032865524292], [0.6932969689369202, 2.099569797515869], [0.938818097114563, 3.1479744911193848], [1.116610050201416, 4.176092147827148], [1.4649673700332642, 5.117870807647705], [1.8430922031402588, 5.825706481933594], [2.3168039321899414, 6.63198184967041], [2.9595541954040527, 7.491401195526123], [3.6329503059387207, 8.13221549987793], [4.328155040740967, 8.508512496948242], [4.947986125946045, 8.650696754455566], [5.567742824554443, 8.607357025146484], [6.077304363250732, 8.09559440612793], [6.601573944091797, 7.074085235595703], [7.135585308074951, 5.7300896644592285], [7.698089122772217, 4.244554042816162], [8.212430953979492, 2.82303786277771], [8.58630084991455, 1.8512660264968872], [8.786874771118164, 1.3211634159088135], [8.907249450683594, 0.9412819743156433]], "8": [[0.5, 1], [0.560828447341919, 1.313032865524292], [0.6932969689369202, 2.099569797515869], [0.938818097114563, 3.1479744911193848], [1.116610050201416, 4.176092147827148], [1.4649673700332642, 5.117870807647705], [1.8430922031402588, 5.825706481933594], [2.3168039321899414, 6.63198184967041], [2.9595541954040527, 7.491401195526123], [3.6329503059387207, 8.13221549987793], [4.328155040740967, 8.508512496948242], [4.947986125946045, 8.650696754455566], [5.567742824554443, 8.607357025146484], [6.077304363250732, 8.09559440612793], [6.601573944091797, 7.074085235595703], [7.135585308074951, 5.7300896644592285], [7.698089122772217, 4.244554042816162], [8.212430953979492, 2.82303786277771], [8.58630084991455, 1.8512660264968872], [8.786874771118164, 1.3211634159088135], [8.907249450683594, 0.9412819743156433]],