{"0": 0.620790958404541, "1": 0.6082930564880371, "2": 0.6041200160980225, "3": 0.6135661602020264, "4": 0.6188919544219971, "5": 0.6147069931030273, "6": 0.616281270980835, "7": 0.6144330501556396, "8": 0.617473840713501, "9": 0.60837721824646}