{"0": {"0": 0.6203851699829102, "1": 0.7052810192108154, "2": 0.22891688346862793, "3": 0.26781511306762695, "4": 0.2642819881439209, "5": 0.28228306770324707, "6": 0.2249891757965088, "7": 0.09296488761901855, "8": 0.16699004173278809, "9": 0.14057207107543945, "10": 0.14670324325561523, "11": 0.05668306350708008, "12": 0.1166536808013916, "13": 0.12652015686035156, "14": 0.045929908752441406, "15": 0.017249107360839844, "16": 0.01526784896850586, "17": 0.014328241348266602, "18": 0.012646913528442383, "19": 0.00802302360534668}, "1": {"0": 0.626863956451416, "1": 0.26387619972229004, "2": 0.4569520950317383, "3": 0.28924012184143066, "4": 0.27111077308654785, "5": 0.22379779815673828, "6": 0.27385807037353516, "7": 0.23206186294555664, "8": 0.16556215286254883, "9": 0.1592540740966797, "10": 0.14173007011413574, "11": 0.16574907302856445, "12": 0.11925411224365234, "13": 0.1092832088470459, "14": 0.04686594009399414, "15": 0.017957210540771484, "16": 0.015866994857788086, "17": 0.01435089111328125, "18": 0.013070821762084961, "19": 0.008367300033569336}, "2": {"0": 0.6288049221038818, "1": 0.2732257843017578, "2": 0.367703914642334, "3": 0.26388096809387207, "4": 0.12327027320861816, "5": 0.218353271484375, "6": 0.22221589088439941, "7": 0.09624600410461426, "8": 0.15567898750305176, "9": 0.14946198463439941, "10": 0.14464092254638672, "11": 0.1482069492340088, "12": 0.054490089416503906, "13": 0.11421012878417969, "14": 0.05854296684265137, "15": 0.017503976821899414, "16": 0.015718698501586914, "17": 0.016916990280151367, "18": 0.013250112533569336, "19": 0.008395195007324219}, "3": {"0": 0.6342270374298096, "1": 0.554516077041626, "2": 0.3836958408355713, "3": 0.13571810722351074, "4": 0.2418229579925537, "5": 0.10973596572875977, "6": 0.23628902435302734, "7": 0.1921689510345459, "8": 0.20215225219726562, "9": 0.190093994140625, "10": 0.14331316947937012, "11": 0.16331720352172852, "12": 0.14632797241210938, "13": 0.04653024673461914, "14": 0.0490727424621582, "15": 0.018342256546020508, "16": 0.017034053802490234, "17": 0.015755891799926758, "18": 0.013853311538696289, "19": 0.008626937866210938}, "4": {"0": 0.6627449989318848, "1": 0.33902907371520996, "2": 0.16331100463867188, "3": 0.3110179901123047, "4": 0.21924686431884766, "5": 0.2336559295654297, "6": 0.24583697319030762, "7": 0.2293241024017334, "8": 0.20114398002624512, "9": 0.1407182216644287, "10": 0.1821608543395996, "11": 0.08558487892150879, "12": 0.11638307571411133, "13": 0.05244898796081543, "14": 0.047640085220336914, "15": 0.01798701286315918, "16": 0.01628899574279785, "17": 0.017114877700805664, "18": 0.014164209365844727, "19": 0.009039878845214844}, "5": {"0": 0.6326980590820312, "1": 0.2625589370727539, "2": 0.46956515312194824, "3": 0.2675650119781494, "4": 0.2382211685180664, "5": 0.19256281852722168, "6": 0.26317811012268066, "7": 0.190352201461792, "8": 0.19813013076782227, "9": 0.1617441177368164, "10": 0.17697715759277344, "11": 0.1632671356201172, "12": 0.1303870677947998, "13": 0.10766005516052246, "14": 0.08493208885192871, "15": 0.01840996742248535, "16": 0.01644611358642578, "17": 0.015076160430908203, "18": 0.014136791229248047, "19": 0.0083770751953125}, "6": {"0": 0.6293938159942627, "1": 0.5549860000610352, "2": 0.2632150650024414, "3": 0.3186149597167969, "4": 0.2603139877319336, "5": 0.29540133476257324, "6": 0.10805606842041016, "7": 0.25455784797668457, "8": 0.16262507438659668, "9": 0.16706633567810059, "10": 0.15955185890197754, "11": 0.1354231834411621, "12": 0.1277933120727539, "13": 0.1046133041381836, "14": 0.045907020568847656, "15": 0.019490957260131836, "16": 0.017307043075561523, "17": 0.016192913055419922, "18": 0.024876117706298828, "19": 0.010945796966552734}, "7": {"0": 0.6669330596923828, "1": 0.29302072525024414, "2": 0.26497411727905273, "3": 0.30933189392089844, "4": 0.12228679656982422, "5": 0.29937100410461426, "6": 0.3870069980621338, "7": 0.2093651294708252, "8": 0.2269120216369629, "9": 0.08406805992126465, "10": 0.1810450553894043, "11": 0.1477060317993164, "12": 0.12627696990966797, "13": 0.12957310676574707, "14": 0.04631686210632324, "15": 0.019011735916137695, "16": 0.017336130142211914, "17": 0.01474905014038086, "18": 0.014665842056274414, "19": 0.008521795272827148}, "8": {"0": 0.6394081115722656, "1": 0.27228474617004395, "2": 0.5185019969940186, "3": 0.236433744430542, "4": 0.3105299472808838, "5": 0.2792038917541504, "6": 0.26836299896240234, "7": 0.23421597480773926, "8": 0.17286968231201172, "9": 0.08035516738891602, "10": 0.1487419605255127, "11": 0.06574368476867676, "12": 0.11693477630615234, "13": 0.13581204414367676, "14": 0.08264684677124023, "15": 0.018496990203857422, "16": 0.01609492301940918, "17": 0.014873981475830078, "18": 0.013705015182495117, "19": 0.008565902709960938}, "9": {"0": 0.634922981262207, "1": 0.4582548141479492, "2": 0.33157896995544434, "3": 0.22977590560913086, "4": 0.3836989402770996, "5": 0.23743319511413574, "6": 0.2019801139831543, "7": 0.10612106323242188, "8": 0.10570764541625977, "9": 0.20743036270141602, "10": 0.06699681282043457, "11": 0.16162490844726562, "12": 0.11960601806640625, "13": 0.11208868026733398, "14": 0.04702281951904297, "15": 0.019936323165893555, "16": 0.016772031784057617, "17": 0.015516042709350586, "18": 0.013803958892822266, "19": 0.008533000946044922}}