{"0": 0.5420043468475342, "1": 0.5172560214996338, "2": 0.5209238529205322, "3": 0.5316569805145264, "4": 0.5243630409240723, "5": 0.523566722869873, "6": 0.527130126953125, "7": 0.5223309993743896, "8": 0.5377101898193359, "9": 0.5270931720733643}