{"0": {"1": 0.48102706909179815, "2": 0.4358496093750013, "3": 0.42637367248535085, "4": 0.45203773498535327, "5": 0.44605201721191534, "6": 0.45919296264648324, "7": 0.4933934783935534, "8": 0.47107452392578253, "9": 0.49225959777832173, "10": 0.5065893554687513, "11": 0.5259204101562496, "12": 0.505449981689452, "13": 0.5134672546386732, "14": 0.5472752380371091, "15": 0.5346810150146482, "16": 0.6883415985107426, "17": 0.8884968566894536, "18": 1.0814965057373058, "19": 1.231530838012695, "20": 1.3743467712402335, "21": 1.4526740264892588, "22": 1.4979073333740232, "23": 1.5528018188476551, "24": 1.5769977569580078, "25": 1.6087489318847652, "26": 1.6205761718750011, "27": 1.6260385894775382, "28": 1.6235092163085945, "29": 1.6424947357177722, "30": 1.6523862457275378, "31": 2.1172852325439457, "32": 2.4212925720214855}, "1": {"2": 0.18197273254394375, "3": 0.17431228637695284, "4": 0.18489768981933707, "5": 0.21242874145507784, "6": 0.22835327148437656, "7": 0.258166046142577, "8": 0.27879364013671903, "9": 0.29461166381835824, "10": 0.3068012237548814, "11": 0.3170948791503889, "12": 0.3277838897705081, "13": 0.33179283142089844, "14": 0.3435623931884777, "15": 0.34977844238281364, "16": 0.6560520935058598, "17": 0.9184788513183584, "18": 1.128070449829103, "19": 1.2821674346923828, "20": 1.3910113525390635, "21": 1.4773685455322259, "22": 1.5359819030761734, "23": 1.5836721038818347, "24": 1.610515441894531, "25": 1.6309865570068354, "26": 1.6530655670166006, "27": 1.6702143096923834, "28": 1.6777481079101548, "29": 1.6824342346191408, "30": 1.678882751464844, "31": 2.0245365905761723, "32": 2.3252556610107433}, "2": {"3": 0.43181892395019617, "4": 0.45535858154296704, "5": 0.4733663940429693, "6": 0.4716564178466811, "7": 0.48344970703125156, "8": 0.47439300537109474, "9": 0.4826783752441415, "10": 0.49641540527343864, "11": 0.5104924011230452, "12": 0.5137034606933604, "13": 0.5150540161132824, "14": 0.5137942504882815, "15": 0.5246146392822268, "16": 0.7938627624511732, "17": 1.0468682861328134, "18": 1.211244964599608, "19": 1.3673618316650398, "20": 1.4796678161621095, "21": 1.550287475585936, "22": 1.6341901397705065, "23": 1.6640525817871108, "24": 1.6918093109130865, "25": 1.7105104064941408, "26": 1.7419087219238278, "27": 1.7636157989501946, "28": 1.761185607910157, "29": 1.775826187133788, "30": 1.7784011077880848, "31": 2.0235056304931653, "32": 2.316917877197266}, "3": {"4": 0.4576530456542969, "5": 0.3418139648437517, "6": 0.24914718627929844, "7": 0.2602943420410142, "8": 0.2858144378662111, "9": 0.2905075836181652, "10": 0.3043147277832041, "11": 0.3112654113769544, "12": 0.3274900817871078, "13": 0.3479912567138683, "14": 0.32704681396484503, "15": 0.32538658142089716, "16": 0.556575851440428, "17": 0.864743804931642, "18": 1.0947635650634773, "19": 1.2738906860351555, "20": 1.3921688079833991, "21": 1.4739273834228506, "22": 1.5268551635742185, "23": 1.5795180511474598, "24": 1.6206073760986328, "25": 1.6393523406982418, "26": 1.6619024658203116, "27": 1.665293502807618, "28": 1.676634368896483, "29": 1.6842275238037097, "30": 1.673491058349608, "31": 2.0584893035888676, "32": 2.3232720184326183}, "4": {"5": 0.4813906097412115, "6": 0.41516265869140767, "7": 0.42413208007812386, "8": 0.45805923461914233, "9": 0.538549728393555, "10": 0.5868906402587903, "11": 0.5975966644287105, "12": 0.6239527130126952, "13": 0.628012313842774, "14": 0.6576706695556638, "15": 0.6513420867919919, "16": 0.7780038452148439, "17": 0.973881835937501, "18": 1.1523519134521472, "19": 1.3074497985839848, "20": 1.4213520050048842, "21": 1.5081593322753903, "22": 1.579916000366211, "23": 1.6340473175048835, "24": 1.664281921386717, "25": 1.6996110534667963, "26": 1.7218846130371084, "27": 1.7380968475341803, "28": 1.754097137451172, "29": 1.760484848022461, "30": 1.750751647949219, "31": 2.0968050384521497, "32": 2.441631774902344}, "5": {"6": 0.4635897064208976, "7": 0.4494952392578142, "8": 0.4846904754638679, "9": 0.5213000488281239, "10": 0.529949569702147, "11": 0.5476316070556635, "12": 0.5342884826660139, "13": 0.5461223602294929, "14": 0.5504465484619132, "15": 0.5658693695068351, "16": 0.8855095672607405, "17": 1.1204086303710952, "18": 1.27298812866211, "19": 1.40010757446289, "20": 1.5130546569824226, "21": 1.5438221740722646, "22": 1.614059143066406, "23": 1.6473929595947254, "24": 1.6698150634765625, "25": 1.7100806427001949, "26": 1.7048845672607413, "27": 1.7229888916015632, "28": 1.7350297546386706, "29": 1.7502770996093737, "30": 1.7520566558837878, "31": 2.1794400024414067, "32": 2.4951355743408214}, "6": {"7": 0.2065713500976578, "8": 0.19537460327148537, "9": 0.20762367248535085, "10": 0.2220437622070328, "11": 0.23812080383300938, "12": 0.23335060119628892, "13": 0.2606069946289047, "14": 0.2829317474365247, "15": 0.26581901550293097, "16": 0.6390869903564464, "17": 1.0097869110107425, "18": 1.2283299255371105, "19": 1.3951374816894528, "20": 1.5112047576904288, "21": 1.5951243591308604, "22": 1.6653153228759763, "23": 1.6994521331787098, "24": 1.7284679412841797, "25": 1.7634597015380855, "26": 1.7649239349365224, "27": 1.7750688934326178, "28": 1.7850841522216783, "29": 1.7928506469726564, "30": 1.8015367126464845, "31": 2.1563420104980473, "32": 2.434724121093751}, "7": {"8": 0.6601985168457034, "9": 0.6229607391357419, "10": 0.6152632904052737, "11": 0.6006948852539047, "12": 0.5804331207275375, "13": 0.5804932403564464, "14": 0.5777482604980477, "15": 0.5712151336669926, "16": 0.9237891387939463, "17": 1.1092878723144537, "18": 1.2754858398437499, "19": 1.3821472930908207, "20": 1.4769544982910148, "21": 1.5559207153320322, "22": 1.5955082702636716, "23": 1.6203849029541004, "24": 1.6508741760253898, "25": 1.6860890960693347, "26": 1.7078533935546858, "27": 1.6974848175048827, "28": 1.7066360473632827, "29": 1.7188981628417963, "30": 1.7273629760742182, "31": 2.10153434753418, "32": 2.4039776611328136}, "8": {"9": 0.3061576843261733, "10": 0.33215698242187486, "11": 0.31033683776855625, "12": 0.4071266937255871, "13": 0.4403207397460953, "14": 0.4131192779541024, "15": 0.3892430114746084, "16": 0.8311587524414072, "17": 1.1071360778808597, "18": 1.356580047607423, "19": 1.5000225830078122, "20": 1.6151209259033195, "21": 1.6701651763916026, "22": 1.7724618530273446, "23": 1.7868754577636707, "24": 1.7948599243164054, "25": 1.8266501617431636, "26": 1.8562355804443342, "27": 1.8545416259765624, "28": 1.8540073394775405, "29": 1.8758576965332026, "30": 1.8738645172119135, "31": 2.2204251098632817, "32": 2.4633877563476574}, "9": {"10": 1.0141934204101553, "11": 1.0292082977294932, "12": 1.0045054626464847, "13": 0.9574187469482425, "14": 0.9707646942138659, "15": 1.0182977294921862, "16": 1.177045135498048, "17": 1.4044936370849612, "18": 1.6020443725585949, "19": 1.664046936035156, "20": 1.7414923095703116, "21": 1.8676062774658213, "22": 1.9729496765136716, "23": 1.990008087158202, "24": 2.012359619140625, "25": 1.9660792541503902, "26": 1.9921238708496105, "27": 2.0280867004394523, "28": 2.035916137695313, "29": 2.0849061584472643, "30": 2.022064743041991, "31": 2.423140029907227, "32": 2.644606857299806}, "10": {"11": 0.2513385009765621, "12": 0.2662584686279281, "13": 0.2803673553466801, "14": 0.26599586486816307, "15": 0.27928825378418054, "16": 0.6668236541748058, "17": 0.9791567993164065, "18": 1.2447998809814464, "19": 1.40838020324707, "20": 1.5373144531249991, "21": 1.6285461425781236, "22": 1.7269055175781247, "23": 1.7794444274902332, "24": 1.8017359161376945, "25": 1.8258920288085925, "26": 1.8533726501464827, "27": 1.8580816650390624, "28": 1.8658271789550795, "29": 1.8866685485839838, "30": 1.8852666473388666, "31": 2.318882446289063, "32": 2.698926239013673}, "11": {"12": 0.874554901123048, "13": 0.9151551818847672, "14": 0.9734041595458969, "15": 0.8951723480224594, "16": 1.2255831909179697, "17": 1.4004255676269537, "18": 1.607679214477539, "19": 1.6992917633056628, "20": 1.7974566650390642,