{"0": {"1": 0.3335615539550787, "2": 0.3372011566162101, "3": 0.3441033935546862, "4": 0.34567199707031193, "5": 0.36174324035644645, "6": 0.3484943389892585, "7": 0.34231460571288963, "8": 0.34878707885742344, "9": 0.35839027404785284, "10": 0.3633417510986341, "11": 0.3867877960205064, "12": 0.3989175415039057, "13": 0.39232048034667955, "14": 0.4002497863769534, "15": 0.4118178558349612, "16": 0.6155450439453141, "17": 0.9439440155029288, "18": 1.1241612243652348, "19": 1.2615841674804678, "20": 1.3917980194091797, "21": 1.4700468444824217, "22": 1.5626205444335923, "23": 1.6067227935791024, "24": 1.6174223327636703, "25": 1.6811061096191402, "26": 1.7012546539306648, "27": 1.6874719238281237, "28": 1.722530441284178, "29": 1.7360266113281249, "30": 1.7258261108398436, "31": 1.9934986877441396, "32": 2.200791931152345}, "1": {"2": 0.2588684082031243, "3": 0.23028175354004077, "4": 0.28116912841796804, "5": 0.2967939758300773, "6": 0.3333020019531254, "7": 0.3427050018310531, "8": 0.35518486022949247, "9": 0.38094490051269503, "10": 0.38553817749023267, "11": 0.4118936157226578, "12": 0.42161102294921804, "13": 0.3966621398925767, "14": 0.43293678283691506, "15": 0.4114886474609385, "16": 0.5456246185302724, "17": 0.8166931152343757, "18": 1.0620362854003922, "19": 1.2646540832519548, "20": 1.3874752807617199, "21": 1.5233586883544916, "22": 1.583633346557619, "23": 1.645230255126954, "24": 1.695302963256836, "25": 1.7316222381591793, "26": 1.7643900299072257, "27": 1.7634132385253913, "28": 1.7933831787109362, "29": 1.779112396240233, "30": 1.7896981811523425, "31": 1.9340366363525376, "32": 2.138881988525391}, "2": {"3": 0.41646812438964886, "4": 0.34295288085937514, "5": 0.345920791625975, "6": 0.354505996704102, "7": 0.3487171173095689, "8": 0.3421424865722642, "9": 0.33886848449706974, "10": 0.3418682098388679, "11": 0.3361106872558608, "12": 0.34120597839355327, "13": 0.32215850830078097, "14": 0.33653968811035284, "15": 0.3293775939941419, "16": 0.712680130004884, "17": 0.9648886108398429, "18": 1.1810002136230473, "19": 1.3599385070800771, "20": 1.4900016784667969, "21": 1.5603826904296874, "22": 1.6098388671874986, "23": 1.7000035858154305, "24": 1.7406122589111312, "25": 1.7498755645751949, "26": 1.7459171295166023, "27": 1.781158981323241, "28": 1.8141060638427717, "29": 1.8419588470458983, "30": 1.8356836700439452, "31": 2.1452931213378896, "32": 2.354133377075197}, "3": {"4": 0.3739609527587895, "5": 0.42059356689453153, "6": 0.4579968261718754, "7": 0.49689224243164176, "8": 0.5316088867187503, "9": 0.5291172790527341, "10": 0.5559845733642561, "11": 0.581142196655275, "12": 0.5984947204589837, "13": 0.6097015380859361, "14": 0.6041327667236338, "15": 0.6117049407958994, "16": 0.7285894775390638, "17": 0.9782151794433602, "18": 1.1527616882324203, "19": 1.2934461975097662, "20": 1.3889492034912116, "21": 1.4620610046386702, "22": 1.5087446594238294, "23": 1.5618241882324213, "24": 1.5833269500732428, "25": 1.6155797576904298, "26": 1.6143395233154294, "27": 1.6223787689208997, "28": 1.6673717498779297, "29": 1.6594190216064462, "30": 1.6591271972656259, "31": 1.8830027008056653, "32": 2.1099658966064467}, "4": {"5": 0.15940483093261548, "6": 0.1390139770507801, "7": 0.19718765258788906, "8": 0.23841888427734403, "9": 0.2642418670654294, "10": 0.32584388732909986, "11": 0.32659507751465, "12": 0.3879749298095696, "13": 0.4037250518798814, "14": 0.3833686065673838, "15": 0.4066077423095713, "16": 0.546082687377929, "17": 0.8203575897216808, "18": 1.0374772644042984, "19": 1.2164057922363298, "20": 1.3353646087646496, "21": 1.4429696655273432, "22": 1.5090407562255876, "23": 1.5359391784667977, "24": 1.5688819885253906, "25": 1.5928073120117183, "26": 1.6454134368896476, "27": 1.6359203338623054, "28": 1.6468339538574206, "29": 1.6391950225830065, "30": 1.6498799896240222, "31": 1.8323639678955068, "32": 2.1162249755859364}, "5": {"6": 0.6517555236816399, "7": 0.6787779235839828, "8": 0.6629974365234368, "9": 0.6679167938232418, "10": 0.6872559356689436, "11": 0.648444671630859, "12": 0.6300112152099615, "13": 0.6805861663818362, "14": 0.6829830932617185, "15": 0.6457424926757795, "16": 0.9176541900634767, "17": 1.1319786834716794, "18": 1.3376737976074224, "19": 1.48844627380371, "20": 1.6085340118408205, "21": 1.6988751983642594, "22": 1.762832946777344, "23": 1.8333843994140615, "24": 1.8633441162109392, "25": 1.8933250427246087, "26": 1.9092566680908192, "27": 1.935133209228514, "28": 1.9557378387451188, "29": 1.9778075408935543, "30": 1.959540863037109, "31": 2.2660568237304695, "32": 2.51339485168457}, "6": {"7": 0.6737825775146469, "8": 0.638956604003905, "9": 0.6218945312499997, "10": 0.6375054168701162, "11": 0.6487872314453114, "12": 0.6666706085205085, "13": 0.678424453735353, "14": 0.662405624389649, "15": 0.6681715393066412, "16": 1.0675263977050768, "17": 1.3244271850585925, "18": 1.509141693115236, "19": 1.6600953674316408, "20": 1.7966838073730464, "21": 1.8830789184570307, "22": 1.9749447631835935, "23": 2.0059590148925786, "24": 2.029496917724611, "25": 2.06931785583496, "26": 2.0969660949707034, "27": 2.0714302825927717, "28": 2.11732635498047, "29": 2.138011322021484, "30": 2.145465240478515, "31": 2.4512528228759756, "32": 2.735261001586913}, "7": {"8": 0.3542140960693345, "9": 0.38203277587890483, "10": 0.3870790100097672, "11": 0.3815274810791003, "12": 0.3842102050781264, "13": 0.3933018493652334, "14": 0.3876880645751939, "15": 0.4067176818847642, "16": 0.8282965087890624, "17": 1.1369387054443365, "18": 1.3441423034667963, "19": 1.4839875793457047, "20": 1.5951222229003896, "21": 1.663662872314454, "22": 1.7280059051513668, "23": 1.7638326263427722, "24": 1.8007350921630874, "25": 1.807143325805665, "26": 1.8423181915283209, "27": 1.8464950561523423, "28": 1.8640058135986344, "29": 1.868873138427734, "30": 1.8699851226806636, "31": 2.183306503295899, "32": 2.5013845062255875}, "8": {"9": 0.5455481719970692, "10": 0.5318824005126963, "11": 0.5586011505126969, "12": 0.5769808197021469, "13": 0.5225386047363294, "14": 0.5581266021728517, "15": 0.5522367095947267, "16": 0.6401808166503891, "17": 0.9124920654296886, "18": 1.1091673278808578, "19": 1.25117172241211, "20": 1.3627052307128906, "21": 1.4384346771240217, "22": 1.4991861724853521, "23": 1.5551441955566396, "24": 1.5782164764404314, "25": 1.612275314331054, "26": 1.630104751586913, "27": 1.637638549804688, "28": 1.6620712280273438, "29": 1.6642189025878906, "30": 1.6624088287353516, "31": 1.970124664306642, "32": 2.305889663696288}, "9": {"10": 0.33529228210449347, "11": 0.3169473266601557, "12": 0.384086456298828, "13": 0.478628768920899, "14": 0.4228436279296872, "15": 0.395419158935546, "16": 0.6474621582031261, "17": 0.9413933563232426, "18": 1.0990711975097653, "19": 1.2383099365234358, "20": 1.353728713989259, "21": 1.4363873291015636, "22": 1.5278068542480483, "23": 1.5587505340576158, "24": 1.5533444213867185, "25": 1.6068734741210946, "26": 1.5606296539306648, "27": 1.6206169128417969, "28": 1.6435678100585953, "29": 1.606105346679687, "30": 1.6267703247070315, "31": 1.9686096191406257, "32": 2.2539802551269545}, "10": {"11": 0.9536912536621109, "12": 0.9954319763183577, "13": 1.0097454833984365, "14": 0.9871596527099626, "15": 1.0086173248291033, "16": 1.1329156494140626, "17": 1.4063641357421872, "18": 1.4966665649414068, "19": 1.545241394042968, "20": 1.691913757324219, "21": 1.7370145416259781, "22": 1.7292273712158206, "23": 1.8840168762207021, "24": 1.8248061370849626, "25": 1.8563262939453118, "26": 1.7701441955566395, "27": 1.965467681884764, "28": 1.905095825195314, "29": 1.9433264923095699, "30": 1.9069304656982418, "31": 2.2851894378662116, "32": 2.4915920257568374}, "11": {"12": 0.6360362243652347, "13": 0.6466065979003908, "14": 0.6208341979980467, "15": 0.655021514892578, "16": 0.733977127075196, "17": 1.071317291259767, "18": 1.1082666015625016, "19": 1.2961320495605477, "20": 1.396048812866212, "21": 1.4814504241943354,