{"0": {"1": 0.1517585754394517, "2": 0.1346862792968757, "3": 0.13333496093749986, "4": 0.14301437377929815, "5": 0.16820640563964773, "6": 0.18534530639648494, "7": 0.20250770568847543, "8": 0.20371902465820213, "9": 0.2213552093505875, "10": 0.22561798095703267, "11": 0.23671905517578296, "12": 0.2460331726074223, "13": 0.24643661499023395, "14": 0.26543289184570185, "15": 0.26659065246581903, "16": 0.595091018676758, "17": 0.8534199523925778, "18": 1.0898343658447267, "19": 1.287354049682616, "20": 1.4366625976562517, "21": 1.5526809692382812, "22": 1.626036224365233, "23": 1.6768468475341791, "24": 1.7430082702636724, "25": 1.758787307739258, "26": 1.7816254425048825, "27": 1.800578536987306, "28": 1.8198101043701165, "29": 1.8232259368896493, "30": 1.8242292022705087, "31": 2.0786003112792955, "32": 2.2827005767822257}, "1": {"2": 0.1785687255859365, "3": 0.13898078918457202, "4": 0.17254615783691563, "5": 0.20489189147949105, "6": 0.24390411376953125, "7": 0.2752883148193348, "8": 0.3189476776123037, "9": 0.3297841644287125, "10": 0.34100303649902486, "11": 0.36874954223632983, "12": 0.3869023132324223, "13": 0.38890983581542926, "14": 0.40172821044921747, "15": 0.40397125244140497, "16": 0.7173062896728517, "17": 0.9657151031494138, "18": 1.1507936859130865, "19": 1.3007917022705087, "20": 1.428526458740233, "21": 1.5238577270507818, "22": 1.608327102661132, "23": 1.6495592498779281, "24": 1.7019038391113277, "25": 1.7188482666015616, "26": 1.7209613800048835, "27": 1.7561517333984362, "28": 1.7555945587158206, "29": 1.7876416015624983, "30": 1.7613526153564436, "31": 1.9391972351074216, "32": 2.2967326354980457}, "2": {"3": 0.502343826293945, "4": 0.5615413665771491, "5": 0.5986361694335933, "6": 0.5893546295166026, "7": 0.6092094421386705, "8": 0.5809587097167963, "9": 0.5891999053955068, "10": 0.6155385589599618, "11": 0.6389365386962886, "12": 0.6673589324951159, "13": 0.6904045104980483, "14": 0.7127219390869151, "15": 0.6801463317871104, "16": 0.5732252502441391, "17": 0.9036915588378918, "18": 1.1286661529541, "19": 1.3002687072753893, "20": 1.4447554779052751, "21": 1.5431671142578125, "22": 1.632954177856444, "23": 1.6906865692138666, "24": 1.7330004119873053, "25": 1.7509729003906251, "26": 1.7909943389892575, "27": 1.8094210052490247, "28": 1.8089344024658196, "29": 1.8265008544921884, "30": 1.8238534545898446, "31": 2.080099487304686, "32": 2.2829161071777335}, "3": {"4": 0.36874160766601705, "5": 0.383990020751952, "6": 0.38675689697265625, "7": 0.38769218444824105, "8": 0.38282859802245994, "9": 0.41507507324218906, "10": 0.4139457702636733, "11": 0.40387718200683764, "12": 0.4387220764160169, "13": 0.4407350921630844, "14": 0.4357290649414054, "15": 0.4361429595947257, "16": 0.7719651794433595, "17": 1.004155807495117, "18": 1.1997667694091803, "19": 1.330987014770507, "20": 1.4466114044189453, "21": 1.5306416320800764, "22": 1.6003385925292974, "23": 1.6385151672363278, "24": 1.7259573364257825, "25": 1.7142896270751962, "26": 1.765079956054688, "27": 1.7693920135498047, "28": 1.821691284179689, "29": 1.8063636016845699, "30": 1.7993922424316402, "31": 2.0188113403320322, "32": 2.1893336486816395}, "4": {"5": 0.23723526000976491, "6": 0.23126647949218793, "7": 0.2351400756835922, "8": 0.26639015197753935, "9": 0.28979461669921847, "10": 0.3019524383544905, "11": 0.3238961791992203, "12": 0.3368386840820321, "13": 0.35118652343750156, "14": 0.3505983734130851, "15": 0.35358337402343665, "16": 0.5974180603027328, "17": 0.9241650390625011, "18": 1.1604788208007797, "19": 1.322327270507813, "20": 1.44781494140625, "21": 1.5479336547851545, "22": 1.6103979492187506, "23": 1.666629486083984, "24": 1.692990264892579, "25": 1.7241136169433595, "26": 1.7503430175781247, "27": 1.755525054931642, "28": 1.7778312683105462, "29": 1.7806634521484384, "30": 1.7811898803710946, "31": 2.0500244140624986, "32": 2.2906291198730457}, "5": {"6": 0.4462702941894534, "7": 0.506219787597658, "8": 0.5816811370849599, "9": 0.6062531280517582, "10": 0.6683757781982429, "11": 0.6711822509765639, "12": 0.6830068969726568, "13": 0.6934358215332033, "14": 0.7118336486816403, "15": 0.7158791351318357, "16": 0.804741363525391, "17": 0.8688294982910172, "18": 1.0312650299072281, "19": 1.2267226409912126, "20": 1.3653424072265636, "21": 1.46952537536621, "22": 1.5443988800048842, "23": 1.6290019989013658, "24": 1.6613096618652357, "25": 1.700365982055665, "26": 1.728764038085938, "27": 1.7538089752197266, "28": 1.7802808380126969, "29": 1.7715907287597652, "30": 1.781968612670898, "31": 2.0373030853271494, "32": 2.278225250244141}, "6": {"7": 0.4238822174072254, "8": 0.3985059356689469, "9": 0.4292091369628892, "10": 0.4689462280273453, "11": 0.5227793121337889, "12": 0.5849803924560533, "13": 0.6240360260009759, "14": 0.6018907928466781, "15": 0.6239302062988266, "16": 0.6537528991699233, "17": 0.9004451751708977, "18": 1.105294799804689, "19": 1.2705828857421864, "20": 1.385872650146485, "21": 1.4748433685302729, "22": 1.5634490966796868, "23": 1.6083547973632797, "24": 1.6514296722412105, "25": 1.7022772216796866, "26": 1.6840181732177726, "27": 1.7167194366455085, "28": 1.7006163787841793, "29": 1.715194778442381, "30": 1.7245407867431624, "31": 2.090634231567382, "32": 2.382215805053711}, "7": {"8": 0.6658916473388672, "9": 0.6636642456054673, "10": 0.6753842926025406, "11": 0.6690672302246092, "12": 0.6435607910156236, "13": 0.6455623626708977, "14": 0.6683638000488266, "15": 0.6771490478515609, "16": 0.7763129425048838, "17": 1.0039547729492178, "18": 1.164667434692383, "19": 1.2909571838378895, "20": 1.368801422119141, "21": 1.4369815826416001, "22": 1.478085479736329, "23": 1.527261123657226, "24": 1.567728042602539, "25": 1.5830683898925777, "26": 1.6150179290771476, "27": 1.6276767730712898, "28": 1.6447492218017565, "29": 1.6590890502929696, "30": 1.6498860931396493, "31": 1.9213756561279283, "32": 2.175611801147461}, "8": {"9": 0.7610713195800791, "10": 0.7454431915283202, "11": 0.7623110198974601, "12": 0.7853069305419922, "13": 0.7923130798339848, "14": 0.7897023773193368, "15": 0.789395294189454, "16": 0.888560714721681, "17": 1.168778381347657, "18": 1.373556518554686, "19": 1.5460460662841804, "20": 1.6560214996337876, "21": 1.7355809020996098, "22": 1.7882836151123058, "23": 1.8402958679199202, "24": 1.8790715789794916, "25": 1.8935421752929678, "26": 1.9195293426513658, "27": 1.9369241333007814, "28": 1.936731262207033, "29": 1.944778366088869, "30": 1.9464167785644548, "31": 2.001497650146483, "32": 2.247776336669922}, "9": {"10": 0.5137461090087889, "11": 0.5415875244140622, "12": 0.5213516998291006, "13": 0.538688507080078, "14": 0.5082705688476565, "15": 0.53955680847168, "16": 0.7387595367431636, "17": 0.9331206512451189, "18": 1.0778820800781261, "19": 1.250259323120119, "20": 1.3865006256103527, "21": 1.4847959136962885, "22": 1.5753535461425798, "23": 1.6217031097412118, "24": 1.6578655242919922, "25": 1.6833815765380855, "26": 1.6989241027832023, "27": 1.7226989746093757, "28": 1.7435365295410143, "29": 1.7234025573730456, "30": 1.7308164215087878, "31": 1.9438745880126937, "32": 2.249898529052736}, "10": {"11": 0.4705195617675777, "12": 0.45680862426757685, "13": 0.438794403076173, "14": 0.4700014495849594, "15": 0.4636423492431625, "16": 0.7506257629394533, "17": 0.9861733245849607, "18": 1.1834246063232428, "19": 1.324605407714845, "20": 1.4763858795166023, "21": 1.5898007202148428, "22": 1.650472106933595, "23": 1.7133774566650395, "24": 1.744157562255861, "25": 1.7647583770751964, "26": 1.779788665771484, "27": 1.8089727783203138, "28": 1.8221256256103509, "29": 1.8304547882080087, "30": 1.824387512207032, "31": 2.1106437683105455, "32": 2.3423738861083976}, "11": {"12": 0.6044819641113293, "13": 0.601802902221678, "14": 0.639775390625001, "15": 0.623631591796876, "16": 0.7721000671386733, "17": 0.994016265869142, "18": 1.2021105194091781, "19": 1.3701967620849622, "20": 1.5380504608154304, "21": 1.6384476470947256,