{"0": {"1": 0.47005813598632784, "2": 0.4933673095703135, "3": 0.5250122070312493, "4": 0.5458460998535166, "5": 0.6095769500732438, "6": 0.7019652557373064, "7": 0.7061646270751964, "8": 0.7578402709960947, "9": 0.8114315795898435, "10": 0.8247725677490223, "11": 0.8326625823974609, "12": 0.8538241577148433, "13": 0.8998899841308585, "14": 0.8988998413085945, "15": 0.8760993957519538, "16": 1.1194310760498034, "17": 1.3705457305908197, "18": 1.5873204040527327, "19": 1.7304556274414047, "20": 1.7989097595214858, "21": 1.8648182678222653, "22": 1.901319732666014, "23": 1.9773266601562511, "24": 1.971191940307616, "25": 1.9975720214843733, "26": 2.0268264770507827, "27": 2.03105484008789, "28": 2.02622901916504, "29": 2.0451687622070303, "30": 2.0376786041259756, "31": 2.2995909118652342, "32": 2.571568374633788}, "1": {"2": 0.46299026489257855, "3": 0.4533677673339831, "4": 0.45046089172363324, "5": 0.48842170715332145, "6": 0.495090408325197, "7": 0.5689862060546886, "8": 0.6408206176757822, "9": 0.6156727600097653, "10": 0.6596572113037098, "11": 0.6795215606689453, "12": 0.6941561889648433, "13": 0.667840042114257, "14": 0.6917560577392585, "15": 0.7089679718017585, "16": 0.9744863128662118, "17": 1.2616532897949213, "18": 1.414882736206053, "19": 1.5591204071044906, "20": 1.651425933837892, "21": 1.7368065643310544, "22": 1.777052154541014, "23": 1.8077366638183605, "24": 1.8325868225097643, "25": 1.8755608367919905, "26": 1.8840957641601577, "27": 1.8651994323730463, "28": 1.8743773651123057, "29": 1.9025772857666006, "30": 1.922715072631835, "31": 2.180869903564453, "32": 2.5161160278320303}, "2": {"3": 0.40414703369140526, "4": 0.42619873046875156, "5": 0.4891462707519523, "6": 0.46889709472656094, "7": 0.5494174957275391, "8": 0.6194772338867196, "9": 0.7181447601318354, "10": 0.6937126922607426, "11": 0.7468703460693362, "12": 0.7790917205810537, "13": 0.81237190246582, "14": 0.8329112243652332, "15": 0.8232333374023426, "16": 1.0461305999755872, "17": 1.3022893524169916, "18": 1.4891129302978499, "19": 1.6333620452880844, "20": 1.7553535461425795, "21": 1.8002526092529294, "22": 1.8793623352050766, "23": 1.8973496246337902, "24": 1.9378781890869128, "25": 1.9069100189208967, "26": 1.9161849975585952, "27": 1.9506486511230463, "28": 1.993504638671876, "29": 2.01826560974121, "30": 1.963435058593749, "31": 2.1944464111328124, "32": 2.498101119995116}, "3": {"4": 0.6233592987060561, "5": 0.6577723693847659, "6": 0.6656929779052732, "7": 0.7223538970947274, "8": 0.7366544342041017, "9": 0.7298072052001956, "10": 0.7363273620605462, "11": 0.7398313903808607, "12": 0.7808272552490223, "13": 0.7605097198486312, "14": 0.7452249145507821, "15": 0.7701148986816406, "16": 1.0961336517333997, "17": 1.3724791717529286, "18": 1.5067614746093767, "19": 1.6165545654296878, "20": 1.716810150146486, "21": 1.7619705200195312, "22": 1.8083351135253913, "23": 1.8162878417968749, "24": 1.8627191162109362, "25": 1.8703581237792974, "26": 1.8950763702392592, "27": 1.8981126403808588, "28": 1.884547348022462, "29": 1.8929528045654287, "30": 1.889582519531249, "31": 2.2627237701416014, "32": 2.5866078186035146}, "4": {"5": 0.5408759307861324, "6": 0.539265213012694, "7": 0.5934402465820305, "8": 0.6031902313232429, "9": 0.6535067749023433, "10": 0.7074404907226572, "11": 0.7390338897705071, "12": 0.7671775817871094, "13": 0.8133419036865241, "14": 0.8042450714111311, "15": 0.8054447937011702, "16": 1.0197519683837903, "17": 1.2747904968261707, "18": 1.4303778839111345, "19": 1.5418780517578128, "20": 1.6515273284912126, "21": 1.7103137969970703, "22": 1.7340820312500007, "23": 1.7701166534423827, "24": 1.8317576599121104, "25": 1.823712005615235, "26": 1.8305801391601548, "27": 1.8280126190185548, "28": 1.8626078796386736, "29": 1.8493782806396482, "30": 1.8421646881103513, "31": 2.2364862823486327, "32": 2.489067916870116}, "5": {"6": 0.6182781982421872, "7": 0.6044606781005868, "8": 0.7268854522705084, "9": 0.7773738098144527, "10": 0.8563719940185557, "11": 0.9068576812744134, "12": 0.9674129486083984, "13": 1.0011356353759773, "14": 1.0209332275390608, "15": 1.0280781555175764, "16": 1.129760208129884, "17": 1.3425814819335926, "18": 1.535291595458986, "19": 1.658239669799805, "20": 1.6999606323242205, "21": 1.7927989959716797, "22": 1.8335273742675788, "23": 1.8651388549804686, "24": 1.9188224029541026, "25": 1.8869978332519537, "26": 1.8956150054931626, "27": 1.9239808654785158, "28": 1.953199310302736, "29": 1.9895417022705075, "30": 1.9452950286865232, "31": 2.1726440429687486, "32": 2.3133553314208974}, "6": {"7": 0.551513671875, "8": 0.5787084960937499, "9": 0.6144241333007798, "10": 0.6205379486083977, "11": 0.6445317077636723, "12": 0.6541923522949205, "13": 0.6696807861328118, "14": 0.6901113891601547, "15": 0.7036898040771469, "16": 1.0078382110595712, "17": 1.2425615692138656, "18": 1.428951339721678, "19": 1.5761988067626937, "20": 1.6708332061767592, "21": 1.7341324615478513, "22": 1.7974035644531234, "23": 1.8221276092529308, "24": 1.8397946929931628, "25": 1.871414260864256, "26": 1.8925319671630874, "27": 1.89580093383789, "28": 1.8908568572998057, "29": 1.9111393737792959, "30": 1.9232376861572256, "31": 2.2283934020996092, "32": 2.5250977325439443}, "7": {"8": 0.8467284393310557, "9": 0.8520886230468747, "10": 0.8510367584228504, "11": 0.8147506713867188, "12": 0.8294978332519527, "13": 0.8469534301757804, "14": 0.861998367309571, "15": 0.8552692413330085, "16": 1.0817257690429685, "17": 1.3398513031005876, "18": 1.4602526092529295, "19": 1.5758058929443344, "20": 1.685586547851564, "21": 1.7380329895019528, "22": 1.8138182067871078, "23": 1.830558090209962, "24": 1.8443036651611315, "25": 1.868352966308592, "26": 1.919482803344728, "27": 1.8810342407226557, "28": 1.904902572631837, "29": 1.9300335693359365, "30": 1.9106415557861318, "31": 2.226674880981445, "32": 2.533747558593749}, "8": {"9": 0.6887813568115249, "10": 0.7385361480712902, "11": 0.710393981933592, "12": 0.7399588775634776, "13": 0.7525524139404283, "14": 0.7615966033935564, "15": 0.7549399566650408, "16": 1.1269826507568368, "17": 1.4828798675537094, "18": 1.6394783782958982, "19": 1.8023110198974592, "20": 1.8869301605224607, "21": 1.9883270263671875, "22": 2.0356848144531234, "23": 2.0879681396484386, "24": 2.0843568420410143, "25": 2.1314221191406233, "26": 2.1497741699218764, "27": 2.1755593872070307, "28": 2.166720504760743, "29": 2.163153533935546, "30": 2.1672371673583974, "31": 2.5538805389404295, "32": 2.828831558227538}, "9": {"10": 1.6700028228759756, "11": 1.667674484252931, "12": 1.6954598236083989, "13": 1.6920447540283199, "14": 1.6915483856201163, "15": 1.6934004211425773, "16": 1.503109283447266, "17": 1.403639297485352, "18": 1.4146991729736342, "19": 1.5292761230468734, "20": 1.638709640502931, "21": 1.6696430969238278, "22": 1.7213616180419926, "23": 1.7280802917480464, "24": 1.7771421051025378, "25": 1.8222275543212874, "26": 1.800763931274414, "27": 1.8376935577392572, "28": 1.8428355407714854, "29": 1.827876205444337, "30": 1.8516360473632822, "31": 2.1718241882324207, "32": 2.4541149139404297}, "10": {"11": 0.8450701141357406, "12": 0.8502135467529293, "13": 0.8608558654785163, "14": 0.852640686035155, "15": 0.8371205902099597, "16": 1.2285565185546865, "17": 1.521017456054686, "18": 1.6705928802490249, "19": 1.7791826629638656, "20": 1.857633209228517, "21": 1.946506195068359, "22": 2.0080742645263676, "23": 2.016627807617187, "24": 2.048775253295897, "25": 2.0912094879150374, "26": 2.084636535644531, "27": 2.128936157226562, "28": 2.1348468017578135, "29": 2.1214419555664072, "30": 2.1186228942871104, "31": 2.4548041534423817, "32": 2.718782424926758}, "11": {"12": 0.7236531066894543, "13": 0.7758277893066392, "14": 0.7386945343017572, "15": 0.7081140136718744, "16": 1.0089281463623045, "17": 1.2243921661376937, "18": 1.3720080566406239, "19": 1.5329161834716807, "20": 1.598158340454102, "21": 1.6686540222167956, "22": 1.7186366271972666,