{"0": {"1": 0.3079913330078128, "2": 0.3018370056152335, "3": 0.31754516601562344, "4": 0.33036720275879006, "5": 0.3181464385986317, "6": 0.35333610534668125, "7": 0.3954192352294932, "8": 0.4095645141601558, "9": 0.48064918518066335, "10": 0.4799085998535162, "11": 0.49525390624999943, "12": 0.5320225524902327, "13": 0.5116220092773425, "14": 0.5417869567871101, "15": 0.514952468872071, "16": 0.6169500732421866, "17": 0.8821591949462899, "18": 1.0805060577392567, "19": 1.2617531585693342, "20": 1.3846771240234368, "21": 1.490103988647462, "22": 1.547513580322267, "23": 1.622488632202149, "24": 1.6393334197998044, "25": 1.6665563201904305, "26": 1.6882443237304692, "27": 1.7044699096679672, "28": 1.7287788391113281, "29": 1.7134988403320328, "30": 1.705430755615236, "31": 1.851364440917969, "32": 2.107069320678711}, "1": {"2": 0.3571493530273422, "3": 0.26285644531250085, "4": 0.2505911254882811, "5": 0.2556011199951165, "6": 0.28752738952636747, "7": 0.3259783935546885, "8": 0.38547660827636676, "9": 0.41973419189453054, "10": 0.45988143920898494, "11": 0.4823831176757807, "12": 0.5065594482421858, "13": 0.5189691162109362, "14": 0.5306671142578132, "15": 0.5337608337402351, "16": 0.6645256805419919, "17": 0.934088668823243, "18": 1.1702803802490251, "19": 1.3205490875244124, "20": 1.422068786621093, "21": 1.5399754333496105, "22": 1.5973773956298842, "23": 1.654034271240235, "24": 1.71538703918457, "25": 1.726813278198243, "26": 1.736759643554688, "27": 1.7395384216308578, "28": 1.7622356414794922, "29": 1.7707154846191422, "30": 1.7833345031738297, "31": 1.7992021942138656, "32": 2.012364883422851}, "2": {"3": 0.37675354003906136, "4": 0.3281684112548824, "5": 0.27428741455078054, "6": 0.23147155761718707, "7": 0.2804595184326182, "8": 0.3273616027832027, "9": 0.3585559844970696, "10": 0.3843923950195318, "11": 0.4006589508056635, "12": 0.4186383056640608, "13": 0.4067044830322253, "14": 0.4387004852294929, "15": 0.4176605224609382, "16": 0.7208935546874997, "17": 0.9511823272705087, "18": 1.190952224731447, "19": 1.3424454498290999, "20": 1.4660636901855462, "21": 1.555911331176759, "22": 1.6379104614257827, "23": 1.6845938110351568, "24": 1.714818649291992, "25": 1.7568864440917977, "26": 1.7558159637451176, "27": 1.7593748474121078, "28": 1.7795658111572266, "29": 1.8120629882812516, "30": 1.8019082641601578, "31": 1.8317644500732406, "32": 2.076156158447265}, "3": {"4": 0.5329579925537118, "5": 0.6175323486328139, "6": 0.7078741455078124, "7": 0.7229312133789065, "8": 0.7942883300781247, "9": 0.8687728118896487, "10": 0.8918478393554672, "11": 0.9239804077148435, "12": 0.9623040008544912, "13": 0.9296051025390639, "14": 0.9596808624267581, "15": 0.9255030822753909, "16": 0.958004913330079, "17": 1.1550032806396473, "18": 1.3496624755859372, "19": 1.4851971435546858, "20": 1.6251098632812493, "21": 1.703788070678712, "22": 1.7678602600097655, "23": 1.791006698608399, "24": 1.8477763366699236, "25": 1.8806528472900403, "26": 1.8909425354003915, "27": 1.8942725372314442, "28": 1.9124207305908207, "29": 1.9156591796874984, "30": 1.9109480285644516, "31": 1.9008047485351547, "32": 2.122718353271484}, "4": {"5": 0.4726241302490237, "6": 0.46466987609863253, "7": 0.4705648040771493, "8": 0.4684680938720689, "9": 0.47970901489257756, "10": 0.48339035034179645, "11": 0.48012794494628963, "12": 0.48988166809082045, "13": 0.49689186096191307, "14": 0.4980349731445308, "15": 0.49845268249511676, "16": 0.8053051757812497, "17": 1.0588099670410145, "18": 1.2601410675048825, "19": 1.4174595642089827, "20": 1.5553562164306634, "21": 1.6160786437988293, "22": 1.6815088653564452, "23": 1.733145370483399, "24": 1.7724703979492205, "25": 1.7943567657470716, "26": 1.8194264984130868, "27": 1.8226172637939442, "28": 1.8465561676025395, "29": 1.844171752929686, "30": 1.8398973846435531, "31": 1.9468977355957016, "32": 2.2121577453613277}, "5": {"6": 0.6551664733886717, "7": 0.7150467681884756, "8": 0.7259022521972653, "9": 0.7617696380615229, "10": 0.8038098907470719, "11": 0.8104414367675794, "12": 0.8186098480224615, "13": 0.8380065917968764, "14": 0.8581774902343753, "15": 0.8606875610351565, "16": 0.9277658081054696, "17": 1.0065543365478504, "18": 1.2037312316894528, "19": 1.3540993499755842, "20": 1.5010940551757805, "21": 1.5584423828125011, "22": 1.6589828491210952, "23": 1.7175585174560553, "24": 1.7183090972900388, "25": 1.781500778198243, "26": 1.8020272064208989, "27": 1.8216116333007797, "28": 1.8068161010742188, "29": 1.8166787719726578, "30": 1.8215158081054703, "31": 1.874616851806639, "32": 2.142430801391601}, "6": {"7": 0.5671961975097659, "8": 0.6121537017822263, "9": 0.6489260864257815, "10": 0.6866457366943344, "11": 0.7073036956787107, "12": 0.7382820892333974, "13": 0.7418952941894545, "14": 0.748459167480469, "15": 0.7359183502197268, "16": 0.8913505554199226, "17": 1.154376602172853, "18": 1.3683324432373034, "19": 1.5023889160156259, "20": 1.6090090942382815, "21": 1.710949325561522, "22": 1.7655744171142587, "23": 1.8141593933105469, "24": 1.8369061279296872, "25": 1.8557252502441415, "26": 1.8881783294677739, "27": 1.8952639007568344, "28": 1.9177837371826172, "29": 1.9077088928222672, "30": 1.9363038635253922, "31": 1.96027015686035, "32": 2.1896357727050777}, "7": {"8": 0.9065784454345689, "9": 0.9344322967529308, "10": 0.9316322326660149, "11": 0.9509626770019537, "12": 0.9776664733886733, "13": 0.9796775054931643, "14": 0.9913948059082038, "15": 0.9566677093505866, "16": 0.9246931457519523, "17": 1.16974479675293, "18": 1.3824017333984386, "19": 1.533662261962892, "20": 1.642464447021485, "21": 1.7229241180419912, "22": 1.791535797119142, "23": 1.8491194152832016, "24": 1.8720526885986324, "25": 1.8860540771484366, "26": 1.91456085205078, "27": 1.9363387298583987, "28": 1.9401322174072249, "29": 1.9519804382324217, "30": 1.9506185913085936, "31": 1.9904901885986312, "32": 2.1976638031005855}, "8": {"9": 0.586734085083009, "10": 0.5669947814941416, "11": 0.5938818359374984, "12": 0.6274172973632801, "13": 0.6662189483642571, "14": 0.6970304870605482, "15": 0.7068151855468763, "16": 0.9185597229003903, "17": 1.178292007446288, "18": 1.3524491119384763, "19": 1.4985848236083967, "20": 1.6046211242675774, "21": 1.6995079803466808, "22": 1.7667539978027342, "23": 1.8124243164062506, "24": 1.850507659912111, "25": 1.8764929199218763, "26": 1.9006661987304696, "27": 1.891497344970702, "28": 1.9074597167968754, "29": 1.9464914703369125, "30": 1.9428980255126937, "31": 2.0379412078857406, "32": 2.2935500335693355}, "9": {"10": 0.5716811370849619, "11": 0.5761533355712878, "12": 0.5808336639404281, "13": 0.5961484527587899, "14": 0.6021494293212903, "15": 0.6111082458496107, "16": 0.8357655334472653, "17": 1.0935694885253895, "18": 1.297918014526367, "19": 1.4433918762207014, "20": 1.5557586669921868, "21": 1.6520054626464855, "22": 1.7047708892822264, "23": 1.7624575042724615, "24": 1.7940882873535173, "25": 1.81273406982422, "26": 1.8365106201171884, "27": 1.8478343200683582, "28": 1.8558754730224614, "29": 1.8686754608154281, "30": 1.8589193725585922, "31": 1.9825365447998031, "32": 2.22292854309082}, "10": {"11": 0.6911786651611322, "12": 0.7439404296874983, "13": 0.7468684387207034, "14": 0.7561729431152351, "15": 0.7494895935058601, "16": 1.0290753173828122, "17": 1.239834747314454, "18": 1.4558810424804705, "19": 1.612718658447264, "20": 1.7325698852539055, "21": 1.840894012451173, "22": 1.9113193511962905, "23": 1.9576765441894537, "24": 2.0047413635253903, "25": 2.0467633819580087, "26": 2.0254406738281254, "27": 2.0431082153320297, "28": 2.0959720611572266, "29": 2.089811096191408, "30": 2.0872991180419938, "31": 1.9636156463623031, "32": 2.217303771972656}, "11": {"12": 0.6749649047851562, "13": 0.6818949890136707, "14": 0.6838220977783216, "15": 0.6665815734863294, "16": 0.9095947265624993, "17": 1.108477325439452, "18": 1.3036991882324216, "19": 1.4626293945312483, "20": 1.5665428161621087, "21": 1.6635067749023449,