{"0": {"1": 0.23383300781249972, "2": 0.24988632202148509, "3": 0.3585180664062513, "4": 0.47541252136230483, "5": 0.5591428375244156, "6": 0.6275853729248055, "7": 0.6987593078613266, "8": 0.7453485107421862, "9": 0.7738835144042966, "10": 0.8150769042968733, "11": 0.8322160339355484, "12": 0.8555213928222649, "13": 0.8606092071533205, "14": 0.8747490692138662, "15": 0.8861626434326162, "16": 0.607607269287108, "17": 0.8224648284912099, "18": 1.049426651000978, "19": 1.2015113830566406, "20": 1.3248473358154307, "21": 1.4057075500488274, "22": 1.4663941955566422, "23": 1.5140004730224597, "24": 1.5386198425292967, "25": 1.5616773223876947, "26": 1.5828446197509756, "27": 1.5933939361572271, "28": 1.599672698974608, "29": 1.6155454254150392, "30": 1.6208764648437501, "31": 1.9033932495117192, "32": 2.1967747497558605}, "1": {"2": 0.29666954040527216, "3": 0.4014141082763665, "4": 0.5713081359863281, "5": 0.7236042785644514, "6": 0.8544805145263688, "7": 0.9312932586669938, "8": 1.001755065917969, "9": 1.061547927856445, "10": 1.1022723388671878, "11": 1.1343386077880844, "12": 1.1612126159667966, "13": 1.1828583526611318, "14": 1.1997373962402342, "15": 1.196666564941406, "16": 0.9008828735351564, "17": 0.8270838928222659, "18": 1.0511620330810558, "19": 1.1988636779785153, "20": 1.3200979614257804, "21": 1.393666458129882, "22": 1.4586312103271482, "23": 1.5056710815429675, "24": 1.5280416870117186, "25": 1.5511754608154291, "26": 1.5632828521728506, "27": 1.5830141448974615, "28": 1.5969490051269517, "29": 1.5937463378906251, "30": 1.6020547485351564, "31": 2.004612426757813, "32": 2.304934768676759}, "2": {"3": 0.31705802917480597, "4": 0.3786679840087892, "5": 0.4684579467773453, "6": 0.5062551116943368, "7": 0.5620233917236312, "8": 0.5841546630859362, "9": 0.6199166107177732, "10": 0.6560688781738264, "11": 0.6637780761718766, "12": 0.6853820800781243, "13": 0.6885377502441408, "14": 0.6965607452392568, "15": 0.6928566741943349, "16": 0.6328398132324224, "17": 0.9255131530761709, "18": 1.149036026000978, "19": 1.292642593383789, "20": 1.4233924102783213, "21": 1.5003101348876946, "22": 1.5586774444580094, "23": 1.6054902648925768, "24": 1.6348513031005858, "25": 1.65483413696289, "26": 1.6810883331298818, "27": 1.68488754272461, "28": 1.6955055236816392, "29": 1.7044068908691408, "30": 1.7089139556884767, "31": 2.019495468139649, "32": 2.3447830963134777}, "3": {"4": 0.3259197998046872, "5": 0.36416893005371165, "6": 0.3997895812988297, "7": 0.4378309631347648, "8": 0.49073875427245994, "9": 0.4735639190673844, "10": 0.5170802307128923, "11": 0.546557998657228, "12": 0.5701683044433601, "13": 0.5330674743652359, "14": 0.5865044403076176, "15": 0.5506653594970707, "16": 0.6814508056640634, "17": 0.922163467407227, "18": 1.179235153198242, "19": 1.273626403808592, "20": 1.4082006835937513, "21": 1.4627413940429683, "22": 1.5091934967040999, "23": 1.555293197631837, "24": 1.6271401977539064, "25": 1.6093556213378903, "26": 1.6258174896240227, "27": 1.6456040954589852, "28": 1.6439616394042957, "29": 1.6775383758544926, "30": 1.6374974060058598, "31": 1.9913143920898442, "32": 2.29902198791504}, "4": {"5": 0.5831639862060563, "6": 0.6481465911865243, "7": 0.6632864379882797, "8": 0.7134690856933581, "9": 0.7212025451660153, "10": 0.7229500579833967, "11": 0.7378594970703141, "12": 0.7614719390869134, "13": 0.7743493652343751, "14": 0.7789582061767568, "15": 0.7734745788574209, "16": 0.5927370452880858, "17": 0.8788951110839847, "18": 1.0967114257812511, "19": 1.2506844329833982, "20": 1.363743896484376, "21": 1.4456226348876946, "22": 1.499742279052736, "23": 1.5484185791015612, "24": 1.5805338287353514, "25": 1.594176635742187, "26": 1.6191338348388662, "27": 1.6295210266113287, "28": 1.641573333740233, "29": 1.6486131286621095, "30": 1.648872528076172, "31": 2.0592541503906254, "32": 2.373427658081056}, "5": {"6": 0.44392082214355355, "7": 0.46318916320800696, "8": 0.5115231323242178, "9": 0.5272920227050797, "10": 0.5127009582519548, "11": 0.5411106109619155, "12": 0.574574279785157, "13": 0.5779503631591787, "14": 0.5839540100097658, "15": 0.5936776733398439, "16": 0.6067364501953136, "17": 0.9026129913330081, "18": 1.1098892974853527, "19": 1.25878303527832, "20": 1.3744593048095695, "21": 1.4517909240722666, "22": 1.5026985931396482, "23": 1.5506388854980457, "24": 1.5816421508789062, "25": 1.5879187774658199, "26": 1.6035359191894543, "27": 1.6056833648681632, "28": 1.629891204833985, "29": 1.635468063354491, "30": 1.6390500640869128, "31": 2.0746674346923832, "32": 2.3915264892578136}, "6": {"7": 0.7121155548095714, "8": 0.6762348175048842, "9": 0.664425582885741, "10": 0.6351615142822276, "11": 0.6218862915039054, "12": 0.608726959228516, "13": 0.5957807922363294, "14": 0.586376571655272, "15": 0.5807937622070298, "16": 0.6993342590332041, "17": 0.9646002197265631, "18": 1.1827867889404295, "19": 1.3222012329101567, "20": 1.437330093383789, "21": 1.5054036712646486, "22": 1.5629052734375009, "23": 1.6073570251464844, "24": 1.6308300781250011, "25": 1.6521041870117195, "26": 1.6656404113769518, "27": 1.6733840179443362, "28": 1.6859074401855452, "29": 1.695976104736328, "30": 1.6952780151367186, "31": 2.047571640014649, "32": 2.3597405242919933}, "7": {"8": 0.6724155426025398, "9": 0.7023717498779298, "10": 0.6878128051757812, "11": 0.7109284973144518, "12": 0.723508453369142, "13": 0.7001847076416006, "14": 0.707740936279297, "15": 0.7355558013916017, "16": 0.6142980194091798, "17": 0.9099590301513665, "18": 1.1343993377685564, "19": 1.2914410400390608, "20": 1.39098114013672, "21": 1.472102661132812, "22": 1.534328536987303, "23": 1.5647784423828135, "24": 1.618681106567383, "25": 1.6331993865966794, "26": 1.6524841308593743, "27": 1.6617631530761727, "28": 1.670204849243163, "29": 1.6760508728027332, "30": 1.6771247100830067, "31": 2.019424514770506, "32": 2.290263442993165}, "8": {"9": 0.5642071533203108, "10": 0.5413111877441423, "11": 0.5379196166992202, "12": 0.523518371582032, "13": 0.5235402679443375, "14": 0.5176415252685551, "15": 0.5219216156005864, "16": 0.6176961517333979, "17": 0.8490032958984379, "18": 1.0469258117675793, "19": 1.2105728912353513, "20": 1.3136778259277335, "21": 1.3911296081542979, "22": 1.4527470397949216, "23": 1.5009542083740222, "24": 1.523420181274414, "25": 1.5532449340820307, "26": 1.5688179779052724, "27": 1.5777136230468756, "28": 1.5854324340820298, "29": 1.5959283447265626, "30": 1.6073915100097658, "31": 2.019382934570313, "32": 2.331340103149415}, "9": {"10": 0.5018516540527358, "11": 0.5218359375000006, "12": 0.4687384796142595, "13": 0.4835485839843763, "14": 0.44697090148925867, "15": 0.465725860595704, "16": 0.6366006469726564, "17": 0.9207851409912102, "18": 1.155094070434572, "19": 1.2945538330078108, "20": 1.4025015258789075, "21": 1.4845881652832027, "22": 1.5455818939208967, "23": 1.5856085968017588, "24": 1.6305200195312501, "25": 1.6544205474853513, "26": 1.6676895141601555, "27": 1.685278854370118, "28": 1.681954116821288, "29": 1.6857154083251942, "30": 1.6832186889648426, "31": 2.0235615539550764, "32": 2.2512436676025374}, "10": {"11": 0.5314996337890641, "12": 0.5117179870605462, "13": 0.5052377319335939, "14": 0.5076435852050771, "15": 0.5106567382812486, "16": 0.6634106445312504, "17": 0.9132637786865239, "18": 1.1086596679687517, "19": 1.2411411285400398, "20": 1.3425375366210943, "21": 1.4203233337402352, "22": 1.4696538543701188, "23": 1.496289291381835, "24": 1.5426130676269523, "25": 1.5597692108154284, "26": 1.5865155029296858, "27": 1.5961912536621092, "28": 1.6041790008544936, "29": 1.6139367675781244, "30": 1.616698608398437, "31": 2.0262760925292973, "32": 2.343161849975587}, "11": {"12": 0.9675761413574229, "13": 0.9617594909667986, "14": 0.9904107666015634, "15": 0.985571823120118, "16": 0.8549481201171858, "17": 0.927232284545898, "18": 1.1128479003906264, "19": 1.2862767028808584, "20": 1.3879396820068344, "21": 1.4938164520263655, "22": 1.5593933105468736,